Resource,12,,,,,,,,,,
id,creator,date_created,last_modified,content-type,simple-type,filename,extension,filesize,path-token,width,height
1,User:1,2009.10.09.14.25.33 -0700,2009.10.09.14.25.33 -0700,image/jpeg,IMAGE,ave-057-1up.jpg,jpg,490731,1/c/7/7/4/6/0/4/2/11b9e4d54c7078d2.jpg,-1,-1
2,User:1,2009.10.09.14.31.48 -0700,2009.10.09.14.31.48 -0700,image/jpeg,IMAGE,ave-066-oc.jpg,jpg,758253,1/b/8/4/e/b/6/3/1/8cf0d8bf87e101a3.jpg,-1,-1
3,User:1,2009.10.09.14.33.16 -0700,2009.10.09.14.33.16 -0700,image/jpeg,IMAGE,ave-072-oc.jpg,jpg,1019555,1/d/0/a/c/2/e/4/1/7b1e2ce8b6643f91.jpg,-1,-1
4,User:1,2009.10.09.14.48.47 -0700,2009.10.09.14.48.47 -0700,image/jpeg,IMAGE,dug-010-oc.jpg,jpg,1037077,1/6/d/2/2/f/9/3/c/ab4522ed57cf1ab6.jpg,-1,-1
5,User:1,2009.10.13.12.36.12 -0700,2009.10.13.12.36.12 -0700,image/jpeg,IMAGE,ave-020-mm.jpg,jpg,545206,1/a/a/a/f/8/2/a/2/5e657845a422a18a.jpg,-1,-1
6,User:1,2009.10.13.12.37.11 -0700,2009.10.13.12.37.11 -0700,image/jpeg,IMAGE,ave-002-oc.jpg,jpg,251663,1/3/3/a/8/c/c/9/4/12191c95f96fbff1.jpg,-1,-1
7,User:1,2009.10.13.12.41.24 -0700,2009.10.13.12.41.24 -0700,image/jpeg,IMAGE,ave-002-oc.jpg,jpg,251663,1/2/1/1/e/2/d/2/c/86114e2b57d4b4b1.jpg,-1,-1
8,User:1,2009.10.13.12.42.17 -0700,2009.10.13.12.42.17 -0700,image/jpeg,IMAGE,ave-020-mm.jpg,jpg,545206,1/4/1/f/a/4/2/2/7/5f3c52d80e6834a6.jpg,-1,-1
9,User:1,2009.10.13.12.43.37 -0700,2009.10.13.12.43.37 -0700,image/jpeg,IMAGE,ave-084-mm.jpg,jpg,375266,1/4/d/1/c/2/8/a/5/97858ec04384b901.jpg,-1,-1
10,User:1,2009.10.13.12.47.44 -0700,2009.10.13.12.47.44 -0700,image/jpeg,IMAGE,bis-009-eb.jpg,jpg,351975,1/f/0/6/d/c/2/a/e/90edd8fe90ce00ba.jpg,-1,-1
11,User:1,2009.10.13.12.50.31 -0700,2009.10.13.12.50.31 -0700,image/jpeg,IMAGE,brn-011-oc.jpg,jpg,366739,1/7/d/a/e/f/9/5/6/e8f8d15c9404da73.jpg,-1,-1
12,User:1,2009.10.13.12.53.40 -0700,2009.10.13.12.53.40 -0700,image/jpeg,IMAGE,but-008-sc.jpg,jpg,300985,1/e/c/7/2/5/a/8/4/f174d65571195be2.jpg,-1,-1
13,User:1,2009.10.13.12.55.35 -0700,2009.10.13.12.55.35 -0700,image/jpeg,IMAGE,cav-005-oc.jpg,jpg,322911,1/8/b/5/1/6/d/8/e/823543a6baa407ef.jpg,-1,-1
14,User:1,2009.10.13.12.57.06 -0700,2009.10.13.12.57.06 -0700,image/jpeg,IMAGE,dbk-074-oc.jpg,jpg,611219,1/6/4/c/8/4/0/7/1/6ee0006bf023286a.jpg,-1,-1
15,User:1,2009.10.13.13.00.35 -0700,2009.10.13.13.00.35 -0700,image/jpeg,IMAGE,dbk-003-mm.jpg,jpg,621616,1/7/2/f/6/f/7/2/c/87995f5de1639f20.jpg,-1,-1
16,User:1,2009.10.13.13.02.06 -0700,2009.10.13.13.02.06 -0700,image/jpeg,IMAGE,dbk-006-om.jpg,jpg,1055290,1/c/6/0/7/1/a/9/9/e9d15b739ae12ced.jpg,-1,-1
17,User:1,2009.10.13.13.04.43 -0700,2009.10.13.13.04.43 -0700,image/jpeg,IMAGE,den-128-oc.jpg,jpg,469290,1/1/2/3/4/7/0/6/3/c0d6454177999e22.jpg,-1,-1
18,User:1,2009.10.13.13.08.20 -0700,2009.10.13.13.08.20 -0700,image/jpeg,IMAGE,den-128-oc.jpg,jpg,469290,1/3/0/f/6/e/9/7/9/c92aa93cbbbd914a.jpg,-1,-1
19,User:1,2009.10.13.13.10.14 -0700,2009.10.13.13.10.14 -0700,image/jpeg,IMAGE,fra-005-go.jpg,jpg,1729289,1/5/5/4/d/b/9/8/2/b40d70c1ecf85ad9.jpg,-1,-1
20,User:1,2009.10.13.13.12.49 -0700,2009.10.13.13.12.49 -0700,image/jpeg,IMAGE,har-019-om.jpg,jpg,677773,1/6/3/5/b/8/3/2/e/2218b4b9effc5103.jpg,-1,-1
21,User:1,2009.10.13.13.27.17 -0700,2009.10.13.13.27.17 -0700,image/jpeg,IMAGE,hel-003-oc.jpg,jpg,1691745,1/9/b/7/b/8/d/5/1/7ecb807a8f9e8e38.jpg,-1,-1
22,User:1,2009.10.13.13.29.33 -0700,2009.10.13.13.29.33 -0700,image/jpeg,IMAGE,hof-044-om.jpg,jpg,1018380,1/6/d/7/e/7/4/4/0/1e59c6308b96e434.jpg,-1,-1
23,User:1,2009.10.13.13.30.12 -0700,2009.10.13.13.30.12 -0700,image/jpeg,IMAGE,hof-055-om.jpg,jpg,626933,1/6/f/0/c/7/b/3/c/ba6c5197c03428e8.jpg,-1,-1
24,User:1,2009.10.13.13.31.42 -0700,2009.10.13.13.31.42 -0700,image/jpeg,IMAGE,hof-044-om.jpg,jpg,1018380,1/4/9/9/7/5/6/e/0/47e72e570ef1239d.jpg,-1,-1
25,User:1,2009.10.13.13.32.33 -0700,2009.10.13.13.32.33 -0700,image/jpeg,IMAGE,hof-055-om.jpg,jpg,626933,1/6/3/9/2/8/9/4/4/9c230ef65ea9c173.jpg,-1,-1
26,User:1,2009.10.13.13.33.34 -0700,2009.10.13.13.33.34 -0700,image/jpeg,IMAGE,hof-123-oc.jpg,jpg,1463438,1/4/9/e/e/8/1/1/4/5342adfef29d035d.jpg,-1,-1
27,User:1,2009.10.13.13.35.44 -0700,2009.10.13.13.35.44 -0700,image/jpeg,IMAGE,hog-001-om.jpg,jpg,779663,1/9/7/7/d/4/8/d/0/4dfaad32a3b2dc4d.jpg,-1,-1
28,User:1,2009.10.13.13.37.47 -0700,2009.10.13.13.37.47 -0700,image/jpeg,IMAGE,hrn-009-go.jpg,jpg,2605630,1/1/f/3/8/d/1/9/1/9002b6ebef0af02c.jpg,-1,-1
29,User:1,2009.10.13.13.43.26 -0700,2009.10.13.13.43.26 -0700,image/jpeg,IMAGE,kli-005-in.jpg,jpg,588741,1/a/4/8/f/1/7/4/8/806ba3ad7499b312.jpg,-1,-1
30,User:1,2009.10.13.13.45.12 -0700,2009.10.13.13.45.12 -0700,image/jpeg,IMAGE,ksi-001-oc.jpg,jpg,1139790,1/f/e/4/a/c/4/e/9/d314faf174c71101.jpg,-1,-1
31,User:1,2009.10.13.13.46.18 -0700,2009.10.13.13.46.18 -0700,image/jpeg,IMAGE,lob-003-oc.jpg,jpg,964541,1/3/f/0/e/1/8/3/0/15c904af0e647e50.jpg,-1,-1
32,User:1,2009.10.13.13.48.44 -0700,2009.10.13.13.48.44 -0700,image/jpeg,IMAGE,lob-184-oc.jpg,jpg,430781,1/4/7/8/d/d/6/c/7/7a5dd1f1dbdd7f89.jpg,-1,-1
33,User:1,2009.10.13.13.49.46 -0700,2009.10.13.13.49.46 -0700,image/jpeg,IMAGE,mil-002-go.jpg,jpg,754896,1/3/1/d/9/6/2/a/0/c7321ad8b6b7d13c.jpg,-1,-1
34,User:1,2009.10.13.13.51.35 -0700,2009.10.13.13.51.35 -0700,image/jpeg,IMAGE,mit-024-oc.jpg,jpg,1914483,1/9/f/0/5/3/9/9/d/b7e3930d0f80bc9c.jpg,-1,-1
35,User:1,2009.10.13.13.53.08 -0700,2009.10.13.13.53.08 -0700,image/jpeg,IMAGE,mit-025-oc.jpg,jpg,1698596,1/3/8/1/8/d/f/a/6/a3c7422b03a2a95c.jpg,-1,-1
36,User:1,2009.10.13.13.53.55 -0700,2009.10.13.13.53.55 -0700,image/jpeg,IMAGE,mot-029-fs.jpg,jpg,445379,1/8/6/9/d/3/2/5/d/41a7466ba9d955a5.jpg,-1,-1
37,User:1,2009.10.13.13.55.20 -0700,2009.10.13.13.55.20 -0700,image/jpeg,IMAGE,mrc-011-mm.jpg,jpg,1087057,1/4/b/5/7/7/8/1/9/637510154bf113bc.jpg,-1,-1
38,User:1,2009.10.13.13.56.17 -0700,2009.10.13.13.56.17 -0700,image/jpeg,IMAGE,ner-124-sc.jpg,jpg,385870,1/9/e/5/9/e/4/0/f/0c6beadb69338e60.jpg,-1,-1
39,User:1,2009.10.13.13.58.22 -0700,2009.10.13.13.58.22 -0700,image/jpeg,IMAGE,ner-178-mm.jpg,jpg,1250138,1/1/d/c/8/a/0/3/a/338ef01cfd62e046.jpg,-1,-1
40,User:1,2009.10.13.14.01.21 -0700,2009.10.13.14.01.21 -0700,image/jpeg,IMAGE,ner-178-mm.jpg,jpg,1250138,1/5/5/7/b/5/4/1/1/ac6e260b0b32f355.jpg,-1,-1
41,User:1,2009.10.13.14.02.07 -0700,2009.10.13.14.02.07 -0700,image/jpeg,IMAGE,ner-391-sc.jpg,jpg,671058,1/3/d/4/5/4/d/1/2/d52c0f30be7c19df.jpg,-1,-1
42,User:1,2009.10.13.14.05.59 -0700,2009.10.13.14.05.59 -0700,image/jpeg,IMAGE,okd-003-oc.jpg,jpg,798355,1/c/7/5/3/1/d/7/7/27fb5d9794930513.jpg,-1,-1
43,User:1,2009.10.13.14.07.16 -0700,2009.10.13.14.07.16 -0700,image/jpeg,IMAGE,nad-018-sc.jpg,jpg,219751,1/1/9/e/3/d/4/5/7/16710c7b34d9d9f0.jpg,-1,-1
44,User:1,2009.10.13.14.08.40 -0700,2009.10.13.14.08.40 -0700,image/jpeg,IMAGE,par-011-tp.jpg,jpg,723007,1/4/b/0/e/e/5/e/e/4995adf0fc09e708.jpg,-1,-1
45,User:1,2009.10.13.14.09.45 -0700,2009.10.13.14.09.45 -0700,image/jpeg,IMAGE,par-036-go.jpg,jpg,821168,1/6/b/9/4/8/b/f/8/140b468ed23d1232.jpg,-1,-1
46,User:1,2009.10.13.14.10.34 -0700,2009.10.13.14.10.34 -0700,image/jpeg,IMAGE,par-059-oc.jpg,jpg,1000432,1/e/7/e/f/e/4/8/f/dd21b7c86430bf0f.jpg,-1,-1
47,User:1,2009.10.13.14.11.54 -0700,2009.10.13.14.11.54 -0700,image/jpeg,IMAGE,par-064-oc.jpg,jpg,1107927,1/b/b/8/5/e/8/f/8/3f3a1bfa4920623e.jpg,-1,-1
48,User:1,2009.10.13.14.12.37 -0700,2009.10.13.14.12.37 -0700,image/jpeg,IMAGE,par-071-oc.jpg,jpg,481854,1/a/6/7/8/d/3/f/9/577bc8a2c3622c26.jpg,-1,-1
49,User:1,2009.10.13.14.13.32 -0700,2009.10.13.14.13.32 -0700,image/jpeg,IMAGE,par-100-go.jpg,jpg,1141794,1/8/7/6/0/4/1/b/9/db407c96342c1325.jpg,-1,-1
50,User:1,2009.10.13.14.14.35 -0700,2009.10.13.14.14.35 -0700,image/jpeg,IMAGE,par-170-oc.jpg,jpg,1262469,1/b/9/4/4/1/3/f/8/f79d14368ae150a7.jpg,-1,-1
51,User:1,2009.10.13.14.15.53 -0700,2009.10.13.14.15.53 -0700,image/jpeg,IMAGE,par-169-oc.jpg,jpg,1604811,1/4/3/8/3/2/9/e/e/e9b1b0281ecd51be.jpg,-1,-1
52,User:1,2009.10.13.14.16.38 -0700,2009.10.13.14.16.38 -0700,image/jpeg,IMAGE,par-189-in.jpg,jpg,641201,1/a/4/f/a/3/4/1/5/2e7feaee9a46679a.jpg,-1,-1
53,User:1,2009.10.13.14.17.22 -0700,2009.10.13.14.17.22 -0700,image/jpeg,IMAGE,par-190-in.jpg,jpg,575117,1/e/d/3/9/4/f/d/5/c3c33b6cc37d830a.jpg,-1,-1
54,User:1,2009.10.13.14.18.52 -0700,2009.10.13.14.18.52 -0700,image/jpeg,IMAGE,par-206-oc.jpg,jpg,1677904,1/d/6/a/2/1/7/4/7/e27c05caf6fa392b.jpg,-1,-1
55,User:1,2009.10.13.14.19.56 -0700,2009.10.13.14.19.56 -0700,image/jpeg,IMAGE,stp-168-oc.jpg,jpg,537506,1/a/f/6/1/b/d/a/b/2d44e0948580af72.jpg,-1,-1
56,User:1,2009.10.13.14.21.36 -0700,2009.10.13.14.21.36 -0700,image/jpeg,IMAGE,stp-259-oc.jpg,jpg,602805,1/8/9/b/2/d/9/b/a/02213f32eabc2245.jpg,-1,-1
57,User:1,2009.10.13.14.22.44 -0700,2009.10.13.14.22.44 -0700,image/jpeg,IMAGE,thi-008-om.jpg,jpg,866874,1/a/3/6/2/7/6/6/0/18632b27dfef095d.jpg,-1,-1
58,User:1,2009.10.13.14.23.34 -0700,2009.10.13.14.23.34 -0700,image/jpeg,IMAGE,thi-013-oc.jpg,jpg,537467,1/c/f/4/1/f/3/f/1/975b39689bac09bf.jpg,-1,-1
59,User:1,2009.10.13.14.25.08 -0700,2009.10.13.14.25.08 -0700,image/jpeg,IMAGE,vic-030-mm.jpg,jpg,905889,1/c/7/0/6/6/f/a/b/9ff0bf618303f536.jpg,-1,-1
60,User:1,2009.10.13.14.25.58 -0700,2009.10.13.14.25.58 -0700,image/jpeg,IMAGE,wla-036-sc.jpg,jpg,224188,1/5/1/3/3/5/0/6/5/240638452cd56026.jpg,-1,-1
61,User:1,2009.10.13.14.27.24 -0700,2009.10.13.14.27.24 -0700,image/jpeg,IMAGE,won-034-oc.jpg,jpg,564904,1/e/6/4/f/9/9/e/f/8f5da060834bfe6d.jpg,-1,-1
62,User:1,2009.10.28.11.21.09 -0700,2009.10.28.11.21.09 -0700,image/jpeg,IMAGE,but-008-sc.jpg,jpg,509454,1/9/b/3/d/1/c/4/b/74d0af003aa295dc.jpg,-1,-1
63,User:1,2009.10.28.11.34.58 -0700,2009.10.28.11.34.58 -0700,image/jpeg,IMAGE,but-008-sc.jpg,jpg,509454,1/9/2/e/a/2/f/2/6/410e50abbbc75430.jpg,-1,-1
64,User:1,2009.10.28.11.36.39 -0700,2009.10.28.11.36.39 -0700,image/jpeg,IMAGE,but-008alt-sc.jpg,jpg,278910,1/c/c/b/9/8/0/e/b/2fa51bc5593a87dd.jpg,-1,-1
65,User:1,2009.10.28.11.46.06 -0700,2009.10.28.11.46.06 -0700,image/jpeg,IMAGE,but-008alt-sc.jpg,jpg,355101,1/f/a/9/c/4/9/0/c/6646ee313c451d57.jpg,-1,-1
66,User:1,2009.10.29.11.36.50 -0700,2009.10.29.11.36.50 -0700,image/jpeg,IMAGE,ner-004-mm.jpg,jpg,373844,1/0/e/c/1/9/5/6/a/af0135cdc91ec7f2.jpg,-1,-1
67,User:1,2009.10.29.12.10.06 -0700,2009.10.29.12.10.06 -0700,image/jpeg,IMAGE,but-008alt_sc.jpg,jpg,647374,1/b/8/1/7/7/e/d/0/aee13174148b1e37.jpg,-1,-1
68,User:1,2009.11.02.13.47.23 -0800,2009.11.02.13.47.23 -0800,image/jpeg,IMAGE,but-008alt_sc.jpg,jpg,669005,1/9/c/e/d/2/6/a/7/76aaeb6c0dc23b5c.jpg,-1,-1
69,User:1,2009.11.02.14.42.30 -0800,2009.11.02.14.42.30 -0800,image/jpeg,IMAGE,wla-036-sc.jpg,jpg,238962,1/9/a/8/8/c/0/3/b/b2593674c9b2cb45.jpg,-1,-1
70,User:1,2009.11.02.14.45.03 -0800,2009.11.02.14.45.03 -0800,image/jpeg,IMAGE,par-036-goalt.jpg,jpg,757000,1/0/9/5/2/c/7/3/f/66631c8bbdc861a9.jpg,-1,-1
71,User:1,2009.11.03.12.17.13 -0800,2009.11.03.12.17.13 -0800,image/jpeg,IMAGE,sch-144-1up.jpg,jpg,355607,1/4/0/d/1/3/d/3/0/34df49b007c1030f.jpg,-1,-1
72,User:1,2009.11.03.12.19.33 -0800,2009.11.03.12.19.33 -0800,image/jpeg,IMAGE,sch-146-1up.jpg,jpg,338597,1/c/a/3/2/1/f/2/7/f5cab397b54f837d.jpg,-1,-1
73,User:1,2009.11.03.12.20.22 -0800,2009.11.03.12.20.22 -0800,image/jpeg,IMAGE,sch-153-1up.jpg,jpg,478849,1/8/b/b/7/8/e/2/d/34f2078a6dc408e1.jpg,-1,-1
74,User:1,2009.11.03.12.51.01 -0800,2009.11.03.12.51.01 -0800,image/jpeg,IMAGE,gld-002-oc.jpg,jpg,455326,1/b/e/5/c/8/2/d/c/b37745deef548240.jpg,-1,-1
75,User:1,2009.11.03.13.02.49 -0800,2009.11.03.13.02.49 -0800,image/jpeg,IMAGE,gld-002-oc.jpg,jpg,405288,1/3/7/e/c/d/a/c/4/721ba5d2e5bedd72.jpg,-1,-1
76,User:1,2009.11.03.14.12.17 -0800,2009.11.03.14.12.17 -0800,image/jpeg,IMAGE,sch-144-oc.jpg,jpg,668007,1/9/3/9/0/8/8/3/3/fedb9471800061c7.jpg,-1,-1
77,User:1,2009.11.03.14.14.59 -0800,2009.11.03.14.14.59 -0800,image/jpeg,IMAGE,sch-146-oc.jpg,jpg,642008,1/d/1/6/3/e/9/f/5/6196e01ef30be066.jpg,-1,-1
78,User:1,2009.11.03.14.18.41 -0800,2009.11.03.14.18.41 -0800,image/jpeg,IMAGE,sch-153-1up.jpg,jpg,522425,1/7/4/e/c/7/3/f/2/3dbec6dc7292c63a.jpg,-1,-1
79,User:1,2010.06.07.10.42.59 -0700,2010.06.07.10.42.59 -0700,image/jpeg,IMAGE,fanny_d_cr5.jpg,jpg,1190038,1/d/8/8/6/9/9/6/d/d37c5727befa1303.jpg,-1,-1
80,User:1,2010.06.07.10.44.51 -0700,2010.06.07.10.44.51 -0700,image/jpeg,IMAGE,fair_charlotte.jpg,jpg,334145,1/f/d/8/c/d/9/d/a/5100dcbef43f3d99.jpg,-1,-1
81,User:1,2010.06.07.10.52.28 -0700,2010.06.07.10.52.28 -0700,image/jpeg,IMAGE,fanny_d_cr5.jpg,jpg,784111,1/4/2/5/1/1/0/a/1/d936d41125410619.jpg,-1,-1
82,User:1,2010.06.07.11.18.59 -0700,2010.06.07.11.18.59 -0700,image/jpeg,IMAGE,fair_charlotte.jpg,jpg,410578,1/f/e/1/6/6/b/9/4/a90430a6883587c5.jpg,-1,-1
83,User:1,2010.06.07.11.33.02 -0700,2010.06.07.11.33.02 -0700,image/jpeg,IMAGE,fanny_d_cr5.jpg,jpg,787261,1/b/3/4/6/1/4/4/1/ca9785383f427609.jpg,-1,-1
84,User:1,2010.07.22.13.01.10 -0700,2010.07.22.13.01.10 -0700,image/jpeg,IMAGE,mushroom_joy.jpg,jpg,387863,1/0/6/0/e/9/8/3/f/d09d74464deb0e95.jpg,-1,-1
85,User:1,2010.07.22.13.02.45 -0700,2010.07.22.13.02.45 -0700,image/jpeg,IMAGE,lucy_fancy.jpg,jpg,331261,1/5/2/5/c/2/9/9/0/a92563b7ea740284.jpg,-1,-1
86,User:1,2010.07.22.13.05.01 -0700,2010.07.22.13.05.01 -0700,image/jpeg,IMAGE,untitled_eight.jpg,jpg,631065,1/6/3/4/1/c/2/7/9/ad34217fe30d7444.jpg,-1,-1
87,User:1,2010.07.22.13.10.03 -0700,2010.07.22.13.10.03 -0700,image/jpeg,IMAGE,untitled_seven.jpg,jpg,655365,1/0/a/6/3/b/9/0/5/63af590f62e2300d.jpg,-1,-1
88,User:1,2010.07.22.13.16.05 -0700,2010.07.22.13.16.05 -0700,image/jpeg,IMAGE,untitled_two.jpg,jpg,615490,1/3/b/b/7/a/d/e/2/809a4e68cac81fd9.jpg,-1,-1
89,User:1,2010.07.22.13.17.20 -0700,2010.07.22.13.17.20 -0700,image/jpeg,IMAGE,untitled9.jpg,jpg,491698,1/0/b/c/7/8/8/0/9/7c654c81f43fad22.jpg,-1,-1
90,User:1,2010.07.22.13.21.08 -0700,2010.07.22.13.21.08 -0700,image/jpeg,IMAGE,lucy_fancy.jpg,jpg,331261,1/2/3/d/0/5/1/4/3/7b8de5d4b286b632.jpg,-1,-1
91,User:1,2010.07.22.13.23.15 -0700,2010.07.22.13.23.15 -0700,image/jpeg,IMAGE,untitled_eight.jpg,jpg,631065,1/2/6/4/5/1/5/9/2/fc895cf0a1feeb54.jpg,-1,-1
92,User:1,2010.07.22.13.24.04 -0700,2010.07.22.13.24.04 -0700,image/jpeg,IMAGE,untitled_seven.jpg,jpg,655365,1/7/b/e/6/5/6/e/b/5cbc1e939797354a.jpg,-1,-1
93,User:1,2010.07.22.13.24.48 -0700,2010.07.22.13.24.48 -0700,image/jpeg,IMAGE,untitled_two.jpg,jpg,615490,1/8/d/9/1/5/9/0/f/95ea65484e963162.jpg,-1,-1
94,User:1,2010.07.22.13.25.27 -0700,2010.07.22.13.25.27 -0700,image/jpeg,IMAGE,untitled9.jpg,jpg,491698,1/1/9/1/5/f/6/0/a/e21f32f3ad40a2d4.jpg,-1,-1
95,User:1,2010.07.22.13.26.07 -0700,2010.07.22.13.26.07 -0700,image/jpeg,IMAGE,new_love.jpg,jpg,573371,1/b/d/a/a/2/d/5/5/cf90e997e24bedd0.jpg,-1,-1
96,User:1,2010.07.22.13.26.43 -0700,2010.07.22.13.26.43 -0700,image/jpeg,IMAGE,hallo.jpg,jpg,364714,1/a/8/c/8/6/4/2/6/9650841577db7f9b.jpg,-1,-1
97,User:1,2010.07.22.13.35.18 -0700,2010.07.22.13.35.18 -0700,image/png,IMAGE,medusapleasure.png,png,2422641,1/d/2/e/f/4/e/5/2/93f26c065e9fa37c.png,-1,-1
98,User:1,2010.07.22.13.38.53 -0700,2010.07.22.13.38.53 -0700,image/jpeg,IMAGE,mushroom_joy.jpg,jpg,387863,1/7/d/7/4/c/4/a/9/aa59f6a1145ec711.jpg,-1,-1
99,User:1,2010.07.22.13.39.32 -0700,2010.07.22.13.39.32 -0700,image/jpeg,IMAGE,mushroom_joy.jpg,jpg,387863,1/8/0/c/b/0/2/8/9/f884742130701714.jpg,-1,-1
100,User:1,2010.07.22.13.42.56 -0700,2010.07.22.13.42.56 -0700,image/jpeg,IMAGE,lucy_fancy.jpg,jpg,360260,1/4/c/3/f/4/1/6/a/66e1ab2871c66c44.jpg,-1,-1
101,User:1,2010.07.22.13.44.48 -0700,2010.07.22.13.44.48 -0700,image/jpeg,IMAGE,untitled_eight.jpg,jpg,657205,1/3/8/f/a/e/d/e/6/f3dd1638908d19fa.jpg,-1,-1
102,User:1,2010.07.22.13.46.18 -0700,2010.07.22.13.46.18 -0700,image/jpeg,IMAGE,untitled_eight.jpg,jpg,657205,1/b/4/2/4/4/1/d/5/ea89f3e0c8d65ac2.jpg,-1,-1
103,User:1,2010.07.22.13.47.22 -0700,2010.07.22.13.47.22 -0700,image/jpeg,IMAGE,untitled_seven.jpg,jpg,681972,1/0/b/d/1/1/6/2/e/e09f0901638fef0c.jpg,-1,-1
104,User:1,2010.07.22.13.48.06 -0700,2010.07.22.13.48.06 -0700,image/jpeg,IMAGE,untitled_two.jpg,jpg,615490,1/1/7/e/9/e/5/9/9/4644fda923260793.jpg,-1,-1
105,User:1,2010.07.22.13.48.39 -0700,2010.07.22.13.48.39 -0700,image/jpeg,IMAGE,untitled9.jpg,jpg,507479,1/f/d/e/0/c/8/0/4/df426bef6235a0d3.jpg,-1,-1
106,User:1,2010.07.22.13.49.18 -0700,2010.07.22.13.49.18 -0700,image/jpeg,IMAGE,new_love.jpg,jpg,590033,1/1/7/d/1/9/9/d/c/98edc2fe0138f3c2.jpg,-1,-1
107,User:1,2010.07.22.13.51.50 -0700,2010.07.22.13.51.50 -0700,image/jpeg,IMAGE,hallo.jpg,jpg,382145,1/8/c/b/d/9/0/6/6/0d205a1c0c68cbd0.jpg,-1,-1
108,User:1,2010.07.22.13.53.35 -0700,2010.07.22.13.53.35 -0700,image/png,IMAGE,medusapleasure.png,png,2422641,1/a/3/1/0/6/1/3/a/67cdd9179c22217e.png,-1,-1
109,User:1,2010.07.22.13.57.05 -0700,2010.07.22.13.57.05 -0700,image/jpeg,IMAGE,mushroom_joy.jpg,jpg,420576,1/3/4/f/8/7/d/b/2/08342b0ce907121f.jpg,-1,-1
110,User:1,2010.07.22.14.00.41 -0700,2010.07.22.14.00.41 -0700,image/jpeg,IMAGE,mushroom_joy.jpg,jpg,420576,1/f/9/1/f/8/a/8/8/9bb6eca3677072b5.jpg,-1,-1
111,User:1,2010.07.22.14.01.27 -0700,2010.07.22.14.01.27 -0700,image/jpeg,IMAGE,untitled_eight.jpg,jpg,661875,1/c/d/6/8/8/2/6/c/385159c82cd92413.jpg,-1,-1
112,User:1,2010.07.22.14.02.48 -0700,2010.07.22.14.02.48 -0700,image/jpeg,IMAGE,untitled_two.jpg,jpg,615490,1/0/0/d/6/b/d/6/c/68ae88a0a411e003.jpg,-1,-1
113,User:1,2010.07.22.14.03.37 -0700,2010.07.22.14.03.37 -0700,image/jpeg,IMAGE,untitled_seven.jpg,jpg,686660,1/4/3/e/3/c/a/7/7/5f5de7c86e6b4d13.jpg,-1,-1
114,User:1,2010.08.03.19.24.41 -0700,2010.08.03.19.24.41 -0700,image/gif,IMAGE,fuuringlasswindchime.gif,gif,1496,1/2/f/9/0/e/4/3/1/74da295af4d5d776.gif,-1,-1
115,User:1,2010.08.10.11.25.42 -0700,2010.08.10.11.25.42 -0700,image/tiff,IMAGE,davidhale-hacket-millgallery-089954-59.tiff,tiff,2759472,1/3/a/9/e/0/d/6/e/db279659bb2879fc.tiff,-1,-1
116,User:1,2010.08.10.11.31.51 -0700,2010.08.10.11.31.51 -0700,image/jpeg,IMAGE,fanny_d.jpg,jpg,1683646,1/4/8/e/a/a/e/a/f/3219682f2f044a23.jpg,-1,-1
117,User:1,2010.08.10.11.33.28 -0700,2010.08.10.11.33.28 -0700,image/jpeg,IMAGE,fair_charlotte.jpg,jpg,1911604,1/e/a/f/c/6/7/1/0/1f871b55be8ff0c3.jpg,-1,-1
118,User:1,2010.08.10.11.43.24 -0700,2010.08.10.11.43.24 -0700,image/jpeg,IMAGE,ogygia.jpg,jpg,954530,1/f/0/9/a/0/f/f/8/aeb47b6c714cb739.jpg,-1,-1
119,User:1,2010.08.10.11.45.01 -0700,2010.08.10.11.45.01 -0700,image/jpeg,IMAGE,sunset.jpg,jpg,1288162,1/5/8/8/1/a/0/d/6/27a8fbf3d2246448.jpg,-1,-1
120,User:1,2010.08.10.11.46.04 -0700,2010.08.10.11.46.04 -0700,image/jpeg,IMAGE,memoirs.jpg,jpg,1367562,1/6/6/c/e/3/1/7/f/408e9aa55151ed19.jpg,-1,-1
121,User:1,2010.08.10.11.50.02 -0700,2010.08.10.11.50.02 -0700,image/jpeg,IMAGE,uponasea.jpg,jpg,1876353,1/b/f/4/7/6/b/8/1/24afdffab8b19311.jpg,-1,-1
122,User:1,2010.08.10.12.23.24 -0700,2010.08.10.12.23.24 -0700,image/jpeg,IMAGE,cover.jpg,jpg,644109,1/1/a/9/6/0/e/9/4/c763ded9e3c67764.jpg,-1,-1
123,User:1,2010.08.10.12.45.18 -0700,2010.08.10.12.45.18 -0700,image/jpeg,IMAGE,hacket-mill-gallery_image.jpg,jpg,170397,1/c/a/a/4/f/4/f/b/7dca56f98a36c3d2.jpg,-1,-1
124,User:1,2010.08.10.12.45.45 -0700,2010.08.10.12.45.45 -0700,image/jpeg,IMAGE,hacket-mill-gallery_image.jpg,jpg,170397,1/c/0/b/7/3/b/1/d/b41524f70dba0c8a.jpg,-1,-1
125,User:1,2010.08.10.12.53.03 -0700,2010.08.10.12.53.03 -0700,image/jpeg,IMAGE,hacket-mill-gallery_image.jpg,jpg,170397,1/d/0/f/7/a/3/3/a/815b9fba6eb2d3f5.jpg,-1,-1
126,User:1,2010.08.10.13.11.00 -0700,2010.08.10.13.11.00 -0700,image/jpeg,IMAGE,medusa-pleasure.jpg,jpg,61594,1/c/c/3/1/b/4/b/c/78121ae0290fd161.jpg,-1,-1
127,User:1,2010.08.10.14.58.33 -0700,2010.08.10.14.58.33 -0700,image/jpeg,IMAGE,untitled_eight.jpg,jpg,1530251,1/6/6/a/2/7/8/2/f/7084ac327be1b3d2.jpg,-1,-1
128,User:1,2010.08.10.14.59.46 -0700,2010.08.10.14.59.46 -0700,image/jpeg,IMAGE,untitled9.jpg,jpg,1186824,1/7/d/d/e/4/4/c/4/3bb8069d1047e407.jpg,-1,-1
129,User:1,2010.08.10.15.04.21 -0700,2010.08.10.15.04.21 -0700,image/jpeg,IMAGE,fair_charlotte.jpg,jpg,1911604,1/7/3/5/c/f/3/3/5/25821a9b33e029c2.jpg,-1,-1
130,User:1,2010.08.10.17.20.52 -0700,2010.08.10.17.20.52 -0700,image/gif,IMAGE,001.gif,gif,1491682,1/6/6/8/4/7/1/f/9/f9cf66129cebdf47.gif,-1,-1
131,User:1,2010.08.10.17.21.06 -0700,2010.08.10.17.21.06 -0700,image/jpeg,IMAGE,002.jpg,jpg,43335,1/e/9/2/2/3/c/5/f/88cc99fdd0c4a1ae.jpg,-1,-1
132,User:1,2010.08.10.17.33.46 -0700,2010.08.10.17.33.46 -0700,image/jpeg,IMAGE,001.jpg,jpg,905455,1/c/b/8/c/d/7/0/3/7ddba140588e16c1.jpg,-1,-1
133,User:1,2010.08.10.17.33.57 -0700,2010.08.10.17.33.57 -0700,image/jpeg,IMAGE,002.jpg,jpg,2055606,1/5/2/b/9/8/2/b/0/550a3c94879241be.jpg,-1,-1
134,User:1,2010.08.11.12.28.04 -0700,2010.08.11.12.28.04 -0700,image/jpeg,IMAGE,ark-014-e.jpg,jpg,35724,1/f/0/d/8/b/2/c/4/26349cf0114a2be0.jpg,-1,-1
135,User:1,2010.08.11.12.28.39 -0700,2010.08.11.12.28.39 -0700,image/jpeg,IMAGE,brn-016-1up.jpg,jpg,849879,1/5/a/d/2/c/9/3/0/67c6682e71938fdf.jpg,-1,-1
136,User:1,2010.08.11.12.53.00 -0700,2010.08.11.12.53.00 -0700,image/jpeg,IMAGE,brn-016-1up.jpg,jpg,849879,1/2/f/4/8/4/f/2/7/72a42ba2966b69e8.jpg,-1,-1
137,User:1,2010.08.11.12.55.16 -0700,2010.08.11.12.55.16 -0700,image/jpeg,IMAGE,mot-032-1up.jpg,jpg,717189,1/b/8/c/1/0/a/9/7/b9f9a64986fa6031.jpg,-1,-1
138,User:1,2010.08.11.13.23.42 -0700,2010.08.11.13.23.42 -0700,image/jpeg,IMAGE,mot-032-1up.jpg,jpg,290866,1/3/b/c/f/a/9/c/2/cd58d43e208d9afa.jpg,-1,-1
139,User:1,2010.08.11.16.37.42 -0700,2010.08.11.16.37.42 -0700,image/jpeg,IMAGE,par-210-1up.jpg,jpg,1166828,1/f/8/3/6/8/1/0/d/d4a6e7510a44df92.jpg,-1,-1
140,User:1,2010.08.11.16.39.37 -0700,2010.08.11.16.39.37 -0700,image/jpeg,IMAGE,par-214-e.jpg,jpg,627166,1/b/1/8/a/3/a/d/c/a573a895c30b3c16.jpg,-1,-1
141,User:1,2010.08.11.16.43.26 -0700,2010.08.11.16.43.26 -0700,image/jpeg,IMAGE,par-176-fs.jpg,jpg,6830765,1/a/3/4/e/3/4/e/d/abc539531efc6cc1.jpg,-1,-1
142,User:1,2010.08.11.16.44.52 -0700,2010.08.11.16.44.52 -0700,image/jpeg,IMAGE,par-176-fs.jpg,jpg,450132,1/f/f/e/e/9/5/9/1/7132e400c7864f0e.jpg,-1,-1
143,User:1,2010.08.11.16.46.39 -0700,2010.08.11.16.46.39 -0700,image/jpeg,IMAGE,woe-101-1up.jpg,jpg,1116187,1/f/a/7/8/1/1/b/d/35ab62aeaaf5d9d5.jpg,-1,-1
144,User:1,2010.08.11.16.47.43 -0700,2010.08.11.16.47.43 -0700,image/jpeg,IMAGE,ner-480-1up.jpg,jpg,339844,1/3/c/f/1/5/1/1/c/34f625bc21efabbb.jpg,-1,-1
145,User:1,2010.08.11.16.48.27 -0700,2010.08.11.16.48.27 -0700,image/jpeg,IMAGE,ner-506-1up.jpg,jpg,340124,1/3/3/b/9/a/5/b/a/0829c9df709a654b.jpg,-1,-1
146,User:1,2010.08.11.16.49.22 -0700,2010.08.11.16.49.22 -0700,image/jpeg,IMAGE,ner-517-1up.jpg,jpg,302553,1/5/8/c/8/2/3/d/3/c0a5a3c302339eb7.jpg,-1,-1
147,User:1,2010.08.11.16.50.32 -0700,2010.08.11.16.50.32 -0700,image/jpeg,IMAGE,stp-275-e.jpg,jpg,603069,1/1/3/b/1/2/9/3/0/69659c65e4dbff9f.jpg,-1,-1
148,User:1,2010.08.11.16.52.21 -0700,2010.08.11.16.52.21 -0700,image/jpeg,IMAGE,dug-015-e.jpg,jpg,612448,1/6/7/3/8/2/0/b/3/ae02586efff1b89a.jpg,-1,-1
149,User:1,2010.08.11.16.53.10 -0700,2010.08.11.16.53.10 -0700,image/jpeg,IMAGE,okd-005-1up.jpg,jpg,848568,1/0/5/d/6/7/5/b/9/c3e321c5011543b4.jpg,-1,-1
150,User:1,2010.08.11.16.54.14 -0700,2010.08.11.16.54.14 -0700,image/jpeg,IMAGE,lob-005-1up.jpg,jpg,397668,1/e/d/5/b/5/7/e/5/2ea881e203c84413.jpg,-1,-1
151,User:1,2010.08.11.16.55.22 -0700,2010.08.11.16.55.22 -0700,image/jpeg,IMAGE,frb-001-4-1up.jpg,jpg,1160717,1/a/d/3/9/7/7/b/e/64866ba6ad14f39d.jpg,-1,-1
152,User:1,2010.08.11.16.56.53 -0700,2010.08.11.16.56.53 -0700,image/jpeg,IMAGE,nak-001-e.jpg,jpg,259939,1/0/b/9/1/1/9/5/8/5530a9de3a601b41.jpg,-1,-1
153,User:1,2010.08.11.16.57.50 -0700,2010.08.11.16.57.50 -0700,image/jpeg,IMAGE,wla-037-2-e.jpg,jpg,107478,1/0/0/9/f/c/9/e/1/a70cd57910fe09de.jpg,-1,-1
154,User:1,2010.08.11.16.59.22 -0700,2010.08.11.16.59.22 -0700,image/jpeg,IMAGE,sch-167-1up.jpg,jpg,165057,1/4/a/d/5/a/9/0/3/7172ac34b3022c6a.jpg,-1,-1
155,User:1,2010.08.11.18.35.42 -0700,2010.08.11.18.35.42 -0700,image/jpeg,IMAGE,dbk-094-e.jpg,jpg,627250,1/1/b/e/f/8/e/e/b/0af5c5a7bf0eb2d5.jpg,-1,-1
156,User:1,2010.08.12.09.35.01 -0700,2010.08.12.09.35.01 -0700,image/jpeg,IMAGE,woe-133-e.jpg,jpg,574874,1/4/1/5/c/e/7/c/f/9b7dfd2061e39153.jpg,-1,-1
157,User:1,2010.08.12.09.51.23 -0700,2010.08.12.09.51.23 -0700,image/jpeg,IMAGE,osi-005-1up.jpg,jpg,451955,1/b/8/0/9/8/3/e/4/0346cd34856327ac.jpg,-1,-1
158,User:1,2010.08.12.09.52.17 -0700,2010.08.12.09.52.17 -0700,image/jpeg,IMAGE,osi-003-1up.jpg,jpg,1165127,1/9/7/c/f/0/2/8/1/184cd59234f34ff8.jpg,-1,-1
159,User:1,2010.08.12.09.55.10 -0700,2010.08.12.09.55.10 -0700,image/jpeg,IMAGE,003.jpg,jpg,1122976,1/1/b/e/f/3/8/e/e/f309c4993af8aad3.jpg,-1,-1
160,User:1,2010.08.12.09.56.39 -0700,2010.08.12.09.56.39 -0700,image/jpeg,IMAGE,004.jpg,jpg,1081085,1/6/b/2/8/d/7/b/8/c67e910ad7fa163a.jpg,-1,-1
161,User:1,2010.08.12.09.57.39 -0700,2010.08.12.09.57.39 -0700,image/jpeg,IMAGE,002.jpg,jpg,2055606,1/a/6/c/a/3/a/4/6/6eaedb7993b5a3d7.jpg,-1,-1
162,User:1,2010.08.12.09.58.45 -0700,2010.08.12.09.58.45 -0700,image/jpeg,IMAGE,001.jpg,jpg,905455,1/7/a/e/6/0/5/c/d/5c210c3ab8ac34a7.jpg,-1,-1
163,User:1,2010.08.12.10.03.22 -0700,2010.08.12.10.03.22 -0700,image/jpeg,IMAGE,005.jpg,jpg,487593,1/9/7/4/b/0/1/a/4/011da6c9adaaa853.jpg,-1,-1
164,User:1,2010.08.12.14.02.45 -0700,2010.08.12.14.02.45 -0700,image/jpeg,IMAGE,006.jpg,jpg,1227642,1/1/9/5/1/f/6/3/9/9c93577308abc58c.jpg,-1,-1
165,User:1,2010.08.12.14.05.14 -0700,2010.08.12.14.05.14 -0700,image/jpeg,IMAGE,009.jpg,jpg,944916,1/0/b/7/8/c/b/f/1/c266bd28efcc2981.jpg,-1,-1
166,User:1,2010.08.12.14.06.13 -0700,2010.08.12.14.06.13 -0700,image/jpeg,IMAGE,008.jpg,jpg,1176943,1/8/1/c/f/6/b/9/1/f445cd7940a7c538.jpg,-1,-1
167,User:1,2010.08.12.14.10.59 -0700,2010.08.12.14.10.59 -0700,image/jpeg,IMAGE,fanny_d.jpg,jpg,1683646,1/1/2/1/2/9/4/b/b/ed138855ea4cba79.jpg,-1,-1
168,User:1,2010.08.12.14.13.10 -0700,2010.08.12.14.13.10 -0700,image/jpeg,IMAGE,untitled9.jpg,jpg,1186824,1/e/4/1/0/7/2/9/e/b51d3a9c56f32aaf.jpg,-1,-1
169,User:1,2010.08.12.14.15.17 -0700,2010.08.12.14.15.17 -0700,image/jpeg,IMAGE,lucy_fancy.jpg,jpg,109715,1/6/6/5/3/a/1/9/1/17488b0ed2285a89.jpg,-1,-1
170,User:1,2010.08.12.14.58.46 -0700,2010.08.12.14.58.46 -0700,image/jpeg,IMAGE,medusa_pleasure.jpg,jpg,1016622,1/8/a/f/c/8/5/1/e/1608def9463bb3ec.jpg,-1,-1
171,User:1,2010.08.12.15.12.14 -0700,2010.08.12.15.12.14 -0700,image/jpeg,IMAGE,wla-037-2-e.jpg,jpg,389003,1/8/f/9/b/b/3/f/4/0ac8cfae0ef77dc9.jpg,-1,-1
172,User:1,2010.08.12.15.13.10 -0700,2010.08.12.15.13.10 -0700,image/jpeg,IMAGE,dug-015-e.jpg,jpg,1027035,1/2/0/c/f/0/c/0/b/919e1e77e46387d7.jpg,-1,-1
173,User:1,2010.08.12.15.14.26 -0700,2010.08.12.15.14.26 -0700,image/jpeg,IMAGE,nak-001-e.jpg,jpg,1864301,1/2/b/3/5/6/1/d/7/bf1ac1d9c5ff4fd7.jpg,-1,-1
174,User:1,2010.08.12.15.15.32 -0700,2010.08.12.15.15.32 -0700,image/jpeg,IMAGE,brn-016-1up.jpg,jpg,1843864,1/2/b/9/1/8/3/8/9/a9e3366a538523af.jpg,-1,-1
175,User:1,2010.08.12.15.17.04 -0700,2010.08.12.15.17.04 -0700,image/jpeg,IMAGE,dbk-094-e.jpg,jpg,1019409,1/d/4/c/a/3/f/2/6/c47fe8769c8aba45.jpg,-1,-1
176,User:1,2010.08.12.15.18.03 -0700,2010.08.12.15.18.03 -0700,image/jpeg,IMAGE,par-214-e.jpg,jpg,817374,1/9/5/7/c/4/a/0/c/287e2bf435c6d7c9.jpg,-1,-1
177,User:1,2010.08.12.15.23.05 -0700,2010.08.12.15.23.05 -0700,image/jpeg,IMAGE,ark-014-e.jpg,jpg,130731,1/1/6/0/6/2/0/c/1/dc787ddb261af69c.jpg,-1,-1
178,User:1,2010.08.12.15.23.48 -0700,2010.08.12.15.23.48 -0700,image/jpeg,IMAGE,dug-015-e.jpg,jpg,643851,1/a/2/e/0/e/d/d/2/0889bc70e309d665.jpg,-1,-1
179,User:1,2010.08.12.15.24.38 -0700,2010.08.12.15.24.38 -0700,image/jpeg,IMAGE,frb-001-4-1up.jpg,jpg,1136773,1/1/7/f/d/9/c/d/6/4cc8e7ba501ef66e.jpg,-1,-1
180,User:1,2010.08.12.15.25.33 -0700,2010.08.12.15.25.33 -0700,image/jpeg,IMAGE,nak-001-e.jpg,jpg,1474724,1/9/e/8/6/b/d/a/d/a1abdfd7cf809536.jpg,-1,-1
181,User:1,2010.08.16.12.04.32 -0700,2010.08.16.12.04.32 -0700,image/jpeg,IMAGE,par-214-e.jpg,jpg,975374,1/d/2/d/8/a/7/7/c/c9be5f084fd7520d.jpg,-1,-1
182,User:1,2010.08.16.12.11.00 -0700,2010.08.16.12.11.00 -0700,image/jpeg,IMAGE,stp-275-e.jpg,jpg,913633,1/2/8/f/3/e/2/0/2/786fd2b92271a3d5.jpg,-1,-1
183,User:1,2010.10.13.15.06.51 -0700,2010.10.13.15.06.51 -0700,image/tiff,IMAGE,exhib7.tif,tif,2243244,1/a/3/9/4/3/4/3/e/c29de9f95f30d90a.tif,-1,-1
184,User:1,2010.10.13.15.07.23 -0700,2010.10.13.15.07.23 -0700,image/jpeg,IMAGE,exhib7.jpg,jpg,466857,1/0/d/a/d/6/9/9/4/0c2878ee719e356b.jpg,-1,-1
185,User:1,2010.10.13.15.09.51 -0700,2010.10.13.15.09.51 -0700,image/jpeg,IMAGE,exhib7.jpg,jpg,466857,1/a/5/f/0/7/f/d/5/ad80fe40dd8c3282.jpg,-1,-1
186,User:1,2010.10.13.15.13.09 -0700,2010.10.13.15.13.09 -0700,image/jpeg,IMAGE,exhib7.jpg,jpg,466857,1/3/3/1/2/c/7/8/a/14a26cd3c53fb392.jpg,-1,-1
187,User:1,2010.10.14.14.04.38 -0700,2010.10.14.14.04.38 -0700,image/png,IMAGE,ner-009-1up.png,png,940189,1/8/d/d/7/5/7/5/5/3d590bcc3aef74ec.png,-1,-1
188,User:1,2010.10.18.13.39.32 -0700,2010.10.18.13.39.32 -0700,image/jpeg,IMAGE,ner-004-1up.jpg,jpg,762576,1/6/1/8/8/4/e/e/7/01c2f8fe194b901f.jpg,-1,-1
189,User:1,2010.10.18.13.41.50 -0700,2010.10.18.13.41.50 -0700,image/png,IMAGE,ner-009-1up.png,png,940189,1/1/9/f/0/6/9/b/e/317847d849471e2c.png,-1,-1
190,User:1,2010.10.18.13.43.40 -0700,2010.10.18.13.43.40 -0700,image/jpeg,IMAGE,ner-177-1up.jpg,jpg,409001,1/a/9/1/7/4/2/7/9/ce7062b517e93e7b.jpg,-1,-1
191,User:1,2010.10.18.13.47.00 -0700,2010.10.18.13.47.00 -0700,image/jpeg,IMAGE,ner-178-1up.jpg,jpg,6031832,1/8/f/4/0/1/0/c/6/d618b05706d4f7c7.jpg,-1,-1
192,User:1,2010.10.18.13.47.22 -0700,2010.10.18.13.47.22 -0700,image/jpeg,IMAGE,ner-004-1up.jpg,jpg,517047,1/b/8/e/4/9/7/c/5/d10eb3aee03bdf79.jpg,-1,-1
193,User:1,2010.10.18.13.47.47 -0700,2010.10.18.13.47.47 -0700,image/jpeg,IMAGE,ner-009-1up.jpg,jpg,153751,1/8/4/d/2/e/1/4/6/bad9d610ae2ea8e6.jpg,-1,-1
194,User:1,2010.10.18.13.48.31 -0700,2010.10.18.13.48.31 -0700,image/jpeg,IMAGE,ner-177-1up.jpg,jpg,409001,1/b/b/c/8/2/b/c/7/f794127527eb8a7e.jpg,-1,-1
195,User:1,2010.10.18.13.52.15 -0700,2010.10.18.13.52.15 -0700,image/jpeg,IMAGE,ner-178-1up.jpg,jpg,6031832,1/9/b/3/2/d/a/7/a/c32ef8605683cec8.jpg,-1,-1
196,User:1,2010.10.18.13.55.12 -0700,2010.10.18.13.55.12 -0700,image/jpeg,IMAGE,ner-004-1up.jpg,jpg,517047,1/8/9/d/4/c/2/f/0/952b867d1cb16345.jpg,-1,-1
197,User:1,2010.10.18.13.58.33 -0700,2010.10.18.13.58.33 -0700,image/jpeg,IMAGE,ner-177-1up.jpg,jpg,409001,1/5/7/2/f/9/a/d/2/4892254973d6a28f.jpg,-1,-1
198,User:1,2010.10.18.14.02.49 -0700,2010.10.18.14.02.49 -0700,image/jpeg,IMAGE,ner-178-1up.jpg,jpg,6031832,1/e/2/f/7/f/7/3/d/ffbb7c82d251d570.jpg,-1,-1
199,User:1,2010.10.18.14.07.11 -0700,2010.10.18.14.07.11 -0700,image/jpeg,IMAGE,ner-178-1up.jpg,jpg,6031832,1/6/d/3/a/4/d/3/a/dba6178adf3c6505.jpg,-1,-1
200,User:1,2010.10.18.14.07.48 -0700,2010.10.18.14.07.48 -0700,image/jpeg,IMAGE,ner-004-1up.jpg,jpg,517047,1/5/9/e/e/5/2/b/c/202b4530df601215.jpg,-1,-1
201,User:1,2010.10.18.14.08.35 -0700,2010.10.18.14.08.35 -0700,image/jpeg,IMAGE,ner-009-1up.jpg,jpg,153751,1/f/b/e/a/a/c/d/5/a0ae60ad104fce63.jpg,-1,-1
202,User:1,2010.10.18.14.08.58 -0700,2010.10.18.14.08.58 -0700,image/jpeg,IMAGE,ner-177-1up.jpg,jpg,409001,1/1/c/b/9/e/e/3/7/c8340ddd068ce316.jpg,-1,-1
203,User:1,2010.10.18.14.11.45 -0700,2010.10.18.14.11.45 -0700,image/jpeg,IMAGE,ner-178-1up.jpg,jpg,6031832,1/b/d/5/0/a/d/f/8/0c6cc4977399bc76.jpg,-1,-1
204,User:1,2010.10.18.14.12.20 -0700,2010.10.18.14.12.20 -0700,image/jpeg,IMAGE,ner-320-1up.jpg,jpg,381801,1/1/a/0/3/4/8/5/3/595263720a91dd9c.jpg,-1,-1
205,User:1,2010.10.18.14.13.06 -0700,2010.10.18.14.13.06 -0700,image/jpeg,IMAGE,ner-399-1up.jpg,jpg,444176,1/6/a/2/d/6/9/5/f/0eb15be45e721c3c.jpg,-1,-1
206,User:1,2010.10.18.14.14.43 -0700,2010.10.18.14.14.43 -0700,image/jpeg,IMAGE,ner-400-1up.jpg,jpg,471218,1/8/b/5/f/3/7/6/0/73187bde5ae449c8.jpg,-1,-1
207,User:1,2010.10.18.14.18.22 -0700,2010.10.18.14.18.22 -0700,image/jpeg,IMAGE,ner-477-1up2.jpg,jpg,5606683,1/f/a/b/7/c/0/d/1/5545fee87c8f10f6.jpg,-1,-1
208,User:1,2010.10.18.14.19.57 -0700,2010.10.18.14.19.57 -0700,image/jpeg,IMAGE,ner-400-1up.jpg,jpg,704513,1/4/6/1/9/1/e/9/2/916a645766967c30.jpg,-1,-1
209,User:1,2010.10.18.14.25.19 -0700,2010.10.18.14.25.19 -0700,image/jpeg,IMAGE,ner-004-1up.jpg,jpg,762576,1/6/e/3/9/9/f/1/6/92ce726720c56034.jpg,-1,-1
210,User:1,2010.10.18.14.25.58 -0700,2010.10.18.14.25.58 -0700,image/png,IMAGE,ner-009-1up.png,png,940189,1/d/c/8/a/1/b/0/d/133406584c903e85.png,-1,-1
211,User:1,2010.10.18.14.27.58 -0700,2010.10.18.14.27.58 -0700,image/jpeg,IMAGE,ner-177-1up.jpg,jpg,722278,1/4/2/b/1/f/7/4/0/1f5b43d6fdfb23e1.jpg,-1,-1
212,User:1,2010.10.18.14.31.05 -0700,2010.10.18.14.31.05 -0700,image/jpeg,IMAGE,ner-178-1up.jpg,jpg,1780896,1/5/3/c/2/b/8/0/1/86699663a3c3fc35.jpg,-1,-1
213,User:1,2010.10.18.14.33.29 -0700,2010.10.18.14.33.29 -0700,image/jpeg,IMAGE,ner-320-1up.jpg,jpg,781587,1/c/e/d/8/5/a/1/e/65c877f618eb6951.jpg,-1,-1
214,User:1,2010.10.18.14.35.00 -0700,2010.10.18.14.35.00 -0700,image/jpeg,IMAGE,ner-399-1up.jpg,jpg,677758,1/a/8/5/2/d/9/3/f/06508e6265061bce.jpg,-1,-1
215,User:1,2010.10.18.14.35.30 -0700,2010.10.18.14.35.30 -0700,image/jpeg,IMAGE,ner-400-1up.jpg,jpg,704513,1/0/4/f/6/f/1/2/0/fa648080a66065a1.jpg,-1,-1
216,User:1,2010.10.18.14.36.29 -0700,2010.10.18.14.36.29 -0700,image/jpeg,IMAGE,ner-477-1up-2.jpg,jpg,1752950,1/2/0/3/7/4/3/7/3/9b8017c69205d2ce.jpg,-1,-1
217,User:1,2010.10.18.14.37.09 -0700,2010.10.18.14.37.09 -0700,image/png,IMAGE,ner-478-1up.png,png,1086575,1/9/c/6/c/5/7/9/6/8d2eba61a77f4a83.png,-1,-1
218,User:1,2010.10.18.14.38.16 -0700,2010.10.18.14.38.16 -0700,image/jpeg,IMAGE,ner-511-e.jpg,jpg,312768,1/e/4/4/b/7/f/6/1/b4d4a6384025fb13.jpg,-1,-1
219,User:1,2010.10.18.14.39.32 -0700,2010.10.18.14.39.32 -0700,image/jpeg,IMAGE,ner-525-1up.jpg,jpg,692739,1/8/e/0/b/4/c/b/1/f7abaeff0d00981d.jpg,-1,-1
220,User:1,2010.10.18.14.40.38 -0700,2010.10.18.14.40.38 -0700,image/jpeg,IMAGE,ner-527-1up.jpg,jpg,867383,1/8/2/2/1/1/c/3/1/4f02fecd46392606.jpg,-1,-1
221,User:1,2010.10.18.14.41.05 -0700,2010.10.18.14.41.05 -0700,image/jpeg,IMAGE,ner-528-1up.jpg,jpg,550972,1/6/f/1/2/9/5/1/7/022c061cf9e81f65.jpg,-1,-1
222,User:1,2010.10.18.14.41.36 -0700,2010.10.18.14.41.36 -0700,image/jpeg,IMAGE,ner-529-e.jpg,jpg,571137,1/7/7/9/c/3/7/4/a/1c42bca083720d3c.jpg,-1,-1
223,User:1,2010.10.18.14.42.09 -0700,2010.10.18.14.42.09 -0700,image/jpeg,IMAGE,ner-532-e.jpg,jpg,669494,1/0/5/f/0/7/6/d/4/1efccacf327d452c.jpg,-1,-1
224,User:1,2010.10.18.14.42.30 -0700,2010.10.18.14.42.30 -0700,image/jpeg,IMAGE,ner-534-e.jpg,jpg,383533,1/9/5/f/a/8/4/4/0/e0f1f9735fbcfb72.jpg,-1,-1
225,User:1,2010.10.18.14.42.59 -0700,2010.10.18.14.42.59 -0700,image/jpeg,IMAGE,ner-535-e.jpg,jpg,146151,1/f/8/a/b/e/f/4/1/c72f2493aff7c6c8.jpg,-1,-1
226,User:1,2010.10.18.14.53.54 -0700,2010.10.18.14.53.54 -0700,image/jpeg,IMAGE,ner-532-e.jpg,jpg,669494,1/5/a/4/b/3/5/1/d/7df2fcd32a0f70c7.jpg,-1,-1
227,User:1,2010.10.18.14.54.33 -0700,2010.10.18.14.54.33 -0700,image/jpeg,IMAGE,ner-534-e.jpg,jpg,383533,1/c/4/0/3/5/1/d/b/2660eea4f0cfec20.jpg,-1,-1
228,User:1,2010.10.18.14.57.07 -0700,2010.10.18.14.57.07 -0700,image/jpeg,IMAGE,ner-535-e.jpg,jpg,146151,1/d/e/5/6/6/3/0/9/60c5fda83d841140.jpg,-1,-1
229,User:1,2010.10.18.15.22.56 -0700,2010.10.18.15.22.56 -0700,image/jpeg,IMAGE,ner-532-e.jpg,jpg,1047338,1/a/6/2/f/3/b/f/5/edd4368c7135ef52.jpg,-1,-1
230,User:1,2010.10.18.15.24.10 -0700,2010.10.18.15.24.10 -0700,image/jpeg,IMAGE,ner-525-1up.jpg,jpg,957094,1/0/3/f/e/a/c/3/6/7435df591ca3b210.jpg,-1,-1
231,User:1,2010.10.18.15.26.03 -0700,2010.10.18.15.26.03 -0700,image/jpeg,IMAGE,ner-532-e.jpg,jpg,1047338,1/4/f/4/f/7/e/c/4/613d5c9637b66a78.jpg,-1,-1
232,User:1,2010.10.18.15.26.50 -0700,2010.10.18.15.26.50 -0700,image/jpeg,IMAGE,ner-525-1up.jpg,jpg,957094,1/4/1/c/3/f/d/4/3/d42a252b954c9031.jpg,-1,-1
233,User:1,2010.10.18.15.28.07 -0700,2010.10.18.15.28.07 -0700,image/jpeg,IMAGE,ner-527-1up.jpg,jpg,2162561,1/f/e/e/e/e/4/c/e/2c77b8b6f5eac5e4.jpg,-1,-1
234,User:1,2010.10.18.15.28.47 -0700,2010.10.18.15.28.47 -0700,image/jpeg,IMAGE,ner-528-1up.jpg,jpg,893062,1/1/0/7/0/3/b/5/6/0a8ac3bfa10f277a.jpg,-1,-1
235,User:1,2010.10.18.15.29.39 -0700,2010.10.18.15.29.39 -0700,image/jpeg,IMAGE,ner-534-e.jpg,jpg,200713,1/7/a/d/b/6/6/2/e/cfdc1d136ba852c9.jpg,-1,-1
236,User:1,2010.10.18.15.30.00 -0700,2010.10.18.15.30.00 -0700,image/jpeg,IMAGE,ner-535-e.jpg,jpg,158850,1/3/8/b/9/f/3/2/e/f830b13035c1fdba.jpg,-1,-1
237,User:1,2010.10.18.15.31.27 -0700,2010.10.18.15.31.27 -0700,image/jpeg,IMAGE,ner-478-1up.jpg,jpg,2065507,1/a/5/e/9/e/d/c/7/e75ee8e2e91aeff6.jpg,-1,-1
238,User:1,2010.11.19.12.32.26 -0800,2010.11.19.12.32.26 -0800,image/jpeg,IMAGE,stp-280-1up.jpg,jpg,788330,1/0/3/5/7/7/e/8/4/f3ccf0b6bc2d3cd4.jpg,-1,-1
239,User:1,2010.11.19.14.56.59 -0800,2010.11.19.14.56.59 -0800,image/jpeg,IMAGE,stp-280-1up.jpg,jpg,788330,1/b/a/7/e/6/2/f/5/8df4b15a2f55d4b6.jpg,-1,-1
240,User:1,2010.11.19.14.59.08 -0800,2010.11.19.14.59.08 -0800,image/jpeg,IMAGE,stp-277-1up.jpg,jpg,828424,1/e/9/2/3/b/3/6/7/13f67c80faaba512.jpg,-1,-1
241,User:1,2010.11.19.15.00.45 -0800,2010.11.19.15.00.45 -0800,image/jpeg,IMAGE,stp-270-1up.jpg,jpg,973211,1/b/7/c/a/b/9/c/5/94b5287ba3ea7ae6.jpg,-1,-1
242,User:1,2010.11.19.15.06.00 -0800,2010.11.19.15.06.00 -0800,image/jpeg,IMAGE,ksi-009-e.jpg,jpg,120230,1/6/8/7/9/4/b/8/6/5185f4d685219c1a.jpg,-1,-1
243,User:1,2010.11.19.15.07.23 -0800,2010.11.19.15.07.23 -0800,image/jpeg,IMAGE,ksi-007-1up.jpg,jpg,1677968,1/4/b/9/8/1/5/9/0/608e8bef8d00f525.jpg,-1,-1
244,User:1,2010.11.19.15.09.52 -0800,2010.11.19.15.09.52 -0800,image/jpeg,IMAGE,lob-128-1up.jpg,jpg,3015390,1/d/3/3/0/5/a/6/7/ec065c5d2c900c22.jpg,-1,-1
245,User:1,2010.11.19.15.11.50 -0800,2010.11.19.15.11.50 -0800,image/jpeg,IMAGE,lob-186-1up.jpg,jpg,622261,1/c/e/b/7/9/4/e/a/1254bf7c01efcac6.jpg,-1,-1
246,User:1,2010.11.19.15.12.45 -0800,2010.11.19.15.12.45 -0800,image/jpeg,IMAGE,lob-058-1up.jpg,jpg,194940,1/5/6/7/0/5/d/3/b/ff75fcf5f8175083.jpg,-1,-1
247,User:1,2010.11.19.15.14.51 -0800,2010.11.19.15.14.51 -0800,image/jpeg,IMAGE,wla-038-1up.jpg,jpg,823835,1/1/b/e/b/1/3/8/0/0ee434da0dbc8a4e.jpg,-1,-1
248,User:1,2010.11.19.15.17.11 -0800,2010.11.19.15.17.11 -0800,image/jpeg,IMAGE,woe-076-1up.jpg,jpg,5267392,1/8/2/4/b/0/f/0/3/2a254184c3ae7542.jpg,-1,-1
249,User:1,2010.11.19.15.19.32 -0800,2010.11.19.15.19.32 -0800,image/jpeg,IMAGE,woe-056-1up.jpg,jpg,7600241,1/6/7/c/5/8/1/0/7/77c18ca66b1b15fd.jpg,-1,-1
250,User:1,2010.11.19.15.25.44 -0800,2010.11.19.15.25.44 -0800,image/jpeg,IMAGE,woe-064-1up.jpg,jpg,3688841,1/5/b/a/3/d/c/2/c/e543e446fd7226ae.jpg,-1,-1
251,User:1,2010.11.19.15.28.02 -0800,2010.11.19.15.28.02 -0800,image/jpeg,IMAGE,woe-133-1up.jpg,jpg,1016279,1/f/c/2/f/e/8/c/7/c01c45cfefc38d14.jpg,-1,-1
252,User:1,2011.01.06.10.52.15 -0800,2011.01.06.10.52.15 -0800,image/png,IMAGE,128.png,png,3547,1/6/9/b/3/e/3/f/e/965e300c16074f24.png,-1,-1
253,User:1,2011.01.06.11.08.57 -0800,2011.01.06.11.08.57 -0800,image/jpeg,IMAGE,exhib4a.jpg,jpg,461968,1/1/9/2/a/c/9/0/1/3abd8d34dca72e8f.jpg,-1,-1
254,User:1,2011.01.06.12.24.25 -0800,2011.01.06.12.24.25 -0800,image/jpeg,IMAGE,lob-186-1up.jpg,jpg,622261,1/a/d/7/5/d/9/e/4/809690ad5ac44465.jpg,-1,-1
255,User:1,2011.01.06.12.25.57 -0800,2011.01.06.12.25.57 -0800,image/jpeg,IMAGE,lob-128-1up.jpg,jpg,3015390,1/1/a/5/2/1/4/3/8/fa8a0b519e0855ef.jpg,-1,-1
256,User:1,2011.01.06.12.26.31 -0800,2011.01.06.12.26.31 -0800,image/jpeg,IMAGE,lob-050-1up.jpg,jpg,324079,1/e/e/3/4/2/8/a/2/a23b7f4129d0db5d.jpg,-1,-1
257,User:1,2011.01.06.12.27.30 -0800,2011.01.06.12.27.30 -0800,image/jpeg,IMAGE,lob-333-e.jpg,jpg,2235312,1/9/8/4/f/3/6/7/3/7d2afe0ff220ba9e.jpg,-1,-1
258,User:1,2011.01.06.12.28.52 -0800,2011.01.06.12.28.52 -0800,image/jpeg,IMAGE,lob-007-1up.jpg,jpg,6076860,1/1/8/6/5/c/d/6/b/567899a67d3fc668.jpg,-1,-1
259,User:1,2011.01.06.15.55.15 -0800,2011.01.06.15.55.15 -0800,image/jpeg,IMAGE,hof-123-1up.jpg,jpg,1196456,1/a/7/8/6/6/5/5/0/10e81b2900cd32f6.jpg,-1,-1
260,User:1,2011.01.06.15.56.17 -0800,2011.01.06.15.56.17 -0800,image/jpeg,IMAGE,den-128-1up.jpg,jpg,451516,1/a/a/f/a/6/4/c/9/53a6fac594fb4f3c.jpg,-1,-1
261,User:1,2011.02.01.10.37.54 -0800,2011.02.01.10.37.54 -0800,image/jpeg,IMAGE,hog-004-e.jpg,jpg,57640,1/4/6/f/1/c/c/8/6/1f7785b8db7c7e8a.jpg,-1,-1
262,User:1,2011.02.04.14.45.20 -0800,2011.02.04.14.45.20 -0800,image/jpeg,IMAGE,stp-270-1up.jpg,jpg,973211,1/2/8/2/3/9/7/3/2/dd04dffe871f557b.jpg,-1,-1
263,User:1,2011.02.04.14.47.29 -0800,2011.02.04.14.47.29 -0800,image/jpeg,IMAGE,stp-270-e.jpg,jpg,570119,1/d/9/5/0/9/b/3/0/62730d09d9d272bd.jpg,-1,-1
264,User:1,2011.02.04.15.17.24 -0800,2011.02.04.15.17.24 -0800,image/jpeg,IMAGE,stp-270-e.jpg,jpg,564220,1/0/9/c/2/0/9/0/c/d570831442151961.jpg,-1,-1
265,User:1,2011.02.04.15.18.44 -0800,2011.02.04.15.18.44 -0800,image/jpeg,IMAGE,stp-270-ea.jpg,jpg,109574,1/f/0/a/7/f/0/e/b/3d3e97e6f31d81f0.jpg,-1,-1
266,User:1,2011.02.04.15.25.57 -0800,2011.02.04.15.25.57 -0800,image/jpeg,IMAGE,stp-280-e.jpg,jpg,73699,1/6/6/6/7/2/3/5/a/fbe2c0a794585ef5.jpg,-1,-1
267,User:1,2011.02.04.15.27.52 -0800,2011.02.04.15.27.52 -0800,image/jpeg,IMAGE,stp-280-e.jpg,jpg,218707,1/6/7/3/7/7/c/4/6/7f220847b0e43482.jpg,-1,-1
268,User:1,2011.02.25.11.18.12 -0800,2011.02.25.11.18.12 -0800,image/jpeg,IMAGE,stp-001-1up.jpg,jpg,520111,1/f/7/0/7/0/1/7/6/83093c1d86201a96.jpg,-1,-1
269,User:1,2011.03.03.10.56.43 -0800,2011.03.03.10.56.43 -0800,image/jpeg,IMAGE,hof-123-2-e.jpg,jpg,54429,1/2/0/e/5/0/a/d/9/38f7738d31827057.jpg,-1,-1
270,User:1,2011.03.15.11.30.30 -0700,2011.03.15.11.30.30 -0700,image/jpeg,IMAGE,stp-270-e.jpg,jpg,570119,1/0/4/2/0/6/2/7/a/533154e37b3f1c3b.jpg,-1,-1
271,User:1,2011.03.15.11.36.29 -0700,2011.03.15.11.36.29 -0700,image/jpeg,IMAGE,stp-281-e.jpg,jpg,521582,1/9/2/2/9/3/0/3/8/04bb7492457de423.jpg,-1,-1
272,User:1,2011.03.15.12.24.34 -0700,2011.03.15.12.24.34 -0700,image/jpeg,IMAGE,stp-280-e.jpg,jpg,536480,1/7/e/9/2/7/6/6/6/35bfa3d7df397a2e.jpg,-1,-1
273,User:1,2011.03.15.12.26.10 -0700,2011.03.15.12.26.10 -0700,image/jpeg,IMAGE,stp-279-e.jpg,jpg,51772,1/7/e/0/a/7/8/1/8/28f076088b0a643e.jpg,-1,-1
274,User:1,2011.03.15.12.27.52 -0700,2011.03.15.12.27.52 -0700,image/jpeg,IMAGE,stp-284-e.jpg,jpg,546196,1/5/6/e/0/3/4/3/c/4252a708425ad36e.jpg,-1,-1
275,User:1,2011.03.15.12.30.07 -0700,2011.03.15.12.30.07 -0700,image/jpeg,IMAGE,stp-286-e.jpg,jpg,117702,1/6/a/5/9/e/f/7/0/6e99b617127d235a.jpg,-1,-1
276,User:1,2011.03.15.12.31.44 -0700,2011.03.15.12.31.44 -0700,image/jpeg,IMAGE,stp-287-e.jpg,jpg,106448,1/e/8/d/d/6/a/a/e/a3e94395ca6421f5.jpg,-1,-1
277,User:1,2011.03.15.12.32.18 -0700,2011.03.15.12.32.18 -0700,image/jpeg,IMAGE,stp-290-e.jpg,jpg,97593,1/2/7/2/8/8/2/d/4/ba5bca1b630c2c9d.jpg,-1,-1
278,User:1,2011.03.15.12.43.24 -0700,2011.03.15.12.43.24 -0700,image/jpeg,IMAGE,stp-280-e.jpg,jpg,536480,1/c/5/1/c/0/7/a/5/7c08be248ea6df18.jpg,-1,-1
279,User:1,2011.03.15.12.44.38 -0700,2011.03.15.12.44.38 -0700,image/jpeg,IMAGE,stp-279-e.jpg,jpg,51772,1/e/6/0/a/6/1/1/9/bf374182071f328c.jpg,-1,-1
280,User:1,2011.03.15.12.45.52 -0700,2011.03.15.12.45.52 -0700,image/jpeg,IMAGE,stp-284-e.jpg,jpg,546196,1/e/f/d/8/2/e/f/8/479313ab34d32407.jpg,-1,-1
281,User:1,2011.03.15.12.46.55 -0700,2011.03.15.12.46.55 -0700,image/jpeg,IMAGE,stp-286-e.jpg,jpg,117702,1/c/b/8/2/6/6/a/c/22e1d2d2fab7c03c.jpg,-1,-1
282,User:1,2011.03.15.12.48.26 -0700,2011.03.15.12.48.26 -0700,image/jpeg,IMAGE,stp-286-e.jpg,jpg,117702,1/2/e/8/0/2/e/5/e/bb28a76760f52e74.jpg,-1,-1
283,User:1,2011.03.15.12.49.19 -0700,2011.03.15.12.49.19 -0700,image/jpeg,IMAGE,stp-287-e.jpg,jpg,106448,1/4/0/c/d/d/1/e/1/75e8c656a8de24cc.jpg,-1,-1
284,User:1,2011.03.15.12.50.33 -0700,2011.03.15.12.50.33 -0700,image/jpeg,IMAGE,stp-290-e.jpg,jpg,97593,1/b/4/1/f/a/f/4/f/ba5c3967f12e377f.jpg,-1,-1
285,User:1,2011.03.15.15.48.22 -0700,2011.03.15.15.48.22 -0700,image/jpeg,IMAGE,stp-245-e.jpg,jpg,41642,1/a/f/d/9/0/a/2/9/153c1696300d2dd8.jpg,-1,-1
286,User:1,2011.03.15.15.50.34 -0700,2011.03.15.15.50.34 -0700,image/jpeg,IMAGE,stp-283-e.jpg,jpg,2105712,1/c/a/4/6/a/a/0/a/d14bb4af1747e19e.jpg,-1,-1
287,User:1,2011.03.15.15.57.28 -0700,2011.03.15.15.57.28 -0700,image/jpeg,IMAGE,stp-245-e.jpg,jpg,41642,1/9/f/7/2/9/d/a/7/2f96bfa78cdaf960.jpg,-1,-1
288,User:1,2011.04.08.12.19.28 -0700,2011.04.08.12.19.28 -0700,image/jpeg,IMAGE,halfmoonbay.jpg,jpg,172301,1/2/7/7/9/0/4/c/5/a5dd592d9ec3a716.jpg,-1,-1
289,User:1,2011.04.08.12.21.01 -0700,2011.04.08.12.21.01 -0700,image/jpeg,IMAGE,halfmoonbay.jpg,jpg,172301,1/8/5/3/e/6/7/a/0/dd75edb63a584517.jpg,-1,-1
290,User:1,2011.04.08.12.22.05 -0700,2011.04.08.12.22.05 -0700,image/jpeg,IMAGE,stp-294-e.jpg,jpg,554566,1/3/2/b/9/0/c/c/4/da3b95a2a27903cb.jpg,-1,-1
291,User:1,2011.04.08.12.22.56 -0700,2011.04.08.12.22.56 -0700,image/jpeg,IMAGE,halfmoonbay.jpg,jpg,172301,1/6/3/c/2/9/4/e/4/408e72db66cfb5b2.jpg,-1,-1
292,User:1,2011.04.08.12.23.25 -0700,2011.04.08.12.23.25 -0700,image/jpeg,IMAGE,thepearandthecan.jpg,jpg,150874,1/a/8/3/d/1/d/0/c/3fe416e288c7150a.jpg,-1,-1
293,User:1,2011.04.08.12.24.31 -0700,2011.04.08.12.24.31 -0700,image/jpeg,IMAGE,halfmoonbay.jpg,jpg,172301,1/d/0/c/2/9/1/a/7/129b9d29b385437a.jpg,-1,-1
294,User:1,2011.04.08.12.31.21 -0700,2011.04.08.12.31.21 -0700,image/jpeg,IMAGE,redbarn2.jpg,jpg,27361,1/6/4/2/c/6/a/d/8/415a237785879f82.jpg,-1,-1
295,User:1,2011.04.08.12.34.15 -0700,2011.04.08.12.34.15 -0700,image/jpeg,IMAGE,thepearandthecan.jpg,jpg,150874,1/9/c/9/2/a/a/d/1/20fb887d4054cba3.jpg,-1,-1
296,User:1,2011.04.08.12.39.51 -0700,2011.04.08.12.39.51 -0700,image/jpeg,IMAGE,fourleftoverorangesfromthebygonegoodoldtimes.jpg,jpg,169576,1/1/b/8/2/1/4/0/1/f55f530277d390cc.jpg,-1,-1
297,User:1,2011.04.08.12.48.00 -0700,2011.04.08.12.48.00 -0700,image/jpeg,IMAGE,ner-009-2-e.jpg,jpg,143347,1/d/f/3/2/a/9/0/3/56715b8401515ef7.jpg,-1,-1
298,User:1,2011.04.08.12.52.17 -0700,2011.04.08.12.52.17 -0700,image/jpeg,IMAGE,marin8.jpg,jpg,1955421,1/c/5/c/e/8/e/8/c/ea5215a18ab72f13.jpg,-1,-1
299,User:1,2011.04.08.13.10.10 -0700,2011.04.08.13.10.10 -0700,image/jpeg,IMAGE,thepearandthecan.jpg,jpg,150874,1/6/0/5/5/5/3/8/0/22904c24e8a0c3ea.jpg,-1,-1
300,User:1,2011.04.08.13.13.41 -0700,2011.04.08.13.13.41 -0700,image/jpeg,IMAGE,redbarn2.jpg,jpg,27361,1/b/8/c/e/0/2/9/3/2cf9382c46848d1c.jpg,-1,-1
301,User:1,2011.04.08.13.14.44 -0700,2011.04.08.13.14.44 -0700,image/jpeg,IMAGE,marin8.jpg,jpg,1955421,1/3/4/c/5/3/8/9/9/f094f1fc50755f3f.jpg,-1,-1
302,User:1,2011.04.08.13.15.55 -0700,2011.04.08.13.15.55 -0700,image/jpeg,IMAGE,fourleftoverorangesfromthebygonegoodoldtimes.jpg,jpg,169576,1/4/b/6/9/b/b/e/2/bf504afaceb30663.jpg,-1,-1
303,User:1,2011.04.08.13.17.21 -0700,2011.04.08.13.17.21 -0700,image/jpeg,IMAGE,barnintheafternoon.jpg,jpg,258307,1/5/d/1/6/0/3/5/d/ba9895f4f9255b7d.jpg,-1,-1
304,User:1,2011.04.08.13.18.33 -0700,2011.04.08.13.18.33 -0700,image/jpeg,IMAGE,fourleftoverorangesfromthebygonegoodoldtimes.jpg,jpg,28617,1/9/1/5/3/2/d/9/3/4bea3531378896a1.jpg,-1,-1
305,User:1,2011.04.08.13.20.16 -0700,2011.04.08.13.20.16 -0700,image/jpeg,IMAGE,anothersunshinetablewithaleftoverjar.jpg,jpg,41752,1/c/d/e/e/8/0/4/4/67be17281f637b35.jpg,-1,-1
306,User:1,2011.04.08.13.22.31 -0700,2011.04.08.13.22.31 -0700,image/jpeg,IMAGE,stp-284-e.jpg,jpg,546196,1/9/3/b/9/6/c/d/6/95caef46bc5d7daf.jpg,-1,-1
307,User:1,2011.04.08.13.23.09 -0700,2011.04.08.13.23.09 -0700,image/jpeg,IMAGE,stp-294-e.jpg,jpg,554566,1/9/c/2/0/1/4/7/c/7b46e39d1f0aa8f0.jpg,-1,-1
308,User:1,2011.04.08.13.41.19 -0700,2011.04.08.13.41.19 -0700,image/jpeg,IMAGE,halfmoonbay.jpg,jpg,91271,1/e/c/8/2/3/a/6/b/7c42b61944300b77.jpg,-1,-1
309,User:1,2011.04.08.15.29.49 -0700,2011.04.08.15.29.49 -0700,image/jpeg,IMAGE,marin8.jpg,jpg,533126,1/1/8/f/6/a/a/3/0/b7acc8ef2cc2a89d.jpg,-1,-1
310,User:1,2011.04.08.16.42.48 -0700,2011.04.08.16.42.48 -0700,image/jpeg,IMAGE,osi-016-1up.jpg,jpg,301994,1/9/e/8/6/5/d/0/6/3e1666afff136889.jpg,-1,-1
311,User:1,2011.04.08.16.44.46 -0700,2011.04.08.16.44.46 -0700,image/png,IMAGE,picture1.png,png,640561,1/e/1/4/4/5/f/5/1/5f7d4026a37df3a2.png,-1,-1
312,User:1,2011.04.14.10.40.08 -0700,2011.04.14.10.40.08 -0700,image/jpeg,IMAGE,bis-024-in.jpg,jpg,101410,1/8/e/d/c/f/3/3/d/3ff1fba7312d11b4.jpg,-1,-1
313,User:1,2011.04.14.10.41.24 -0700,2011.04.14.10.41.24 -0700,image/jpeg,IMAGE,bis-024-in.jpg,jpg,93679,1/6/b/b/c/4/0/0/e/11ded57fa53a994b.jpg,-1,-1
314,User:1,2011.04.14.10.57.08 -0700,2011.04.14.10.57.08 -0700,image/jpeg,IMAGE,cav-007-oc.jpg,jpg,91058,1/3/d/5/f/0/b/c/e/f4046e8d5677f9f3.jpg,-1,-1
315,User:1,2011.04.14.10.58.45 -0700,2011.04.14.10.58.45 -0700,image/jpeg,IMAGE,cav-007-oc.jpg,jpg,79998,1/b/f/6/e/9/7/7/b/5c5fd0556a9d5992.jpg,-1,-1
316,User:1,2011.04.14.11.04.02 -0700,2011.04.14.11.04.02 -0700,image/jpeg,IMAGE,den-004-oc.jpg,jpg,184661,1/5/4/2/5/c/4/0/4/32a57f15ccddead1.jpg,-1,-1
317,User:1,2011.04.14.11.41.28 -0700,2011.04.14.11.41.28 -0700,image/jpeg,IMAGE,den-167-oc.jpg,jpg,163205,1/0/9/2/6/f/d/1/c/42420e732560ef92.jpg,-1,-1
318,User:1,2011.04.14.12.54.01 -0700,2011.04.14.12.54.01 -0700,image/jpeg,IMAGE,dug-014-ap.jpg,jpg,156583,1/f/6/7/3/4/c/6/f/45c32171d1ba0e64.jpg,-1,-1
319,User:1,2011.04.14.13.05.25 -0700,2011.04.14.13.05.25 -0700,image/jpeg,IMAGE,frb-003-sc.jpg,jpg,94360,1/5/1/d/e/1/b/c/f/7d53fba3fae957f7.jpg,-1,-1
320,User:1,2011.04.14.13.42.08 -0700,2011.04.14.13.42.08 -0700,image/jpeg,IMAGE,gld-003-op.jpg,jpg,462055,1/0/1/9/0/a/5/f/9/bd51c40ba0097e90.jpg,-1,-1
321,User:1,2011.04.14.13.46.39 -0700,2011.04.14.13.46.39 -0700,image/jpeg,IMAGE,gld-004-op.jpg,jpg,527594,1/c/e/c/9/c/1/8/7/cb566a524d204571.jpg,-1,-1
322,User:1,2011.04.14.13.48.01 -0700,2011.04.14.13.48.01 -0700,image/jpeg,IMAGE,gld-005-om.jpg,jpg,598144,1/e/e/9/8/3/2/1/0/20a89104e3858c86.jpg,-1,-1
323,User:1,2011.04.14.14.27.18 -0700,2011.04.14.14.27.18 -0700,image/jpeg,IMAGE,hrn-002-oc.jpg,jpg,426060,1/3/b/5/2/4/6/f/0/2a29cf882f206e01.jpg,-1,-1
324,User:1,2011.04.14.14.28.46 -0700,2011.04.14.14.28.46 -0700,image/jpeg,IMAGE,hrn-003-go.jpg,jpg,606678,1/e/7/d/9/3/e/c/9/875495b82e873534.jpg,-1,-1
325,User:1,2011.04.14.14.33.45 -0700,2011.04.14.14.33.45 -0700,image/jpeg,IMAGE,hog-006-om.jpg,jpg,965358,1/8/c/7/7/b/3/6/e/d47397fb5c6b58b7.jpg,-1,-1
326,User:1,2011.04.14.14.35.27 -0700,2011.04.14.14.35.27 -0700,image/jpeg,IMAGE,hog-007-go.jpg,jpg,768883,1/d/0/5/f/4/b/4/2/b63fc3b44556adf9.jpg,-1,-1
327,User:1,2011.04.15.13.54.10 -0700,2011.04.15.13.54.10 -0700,image/jpeg,IMAGE,jes-004-oc.jpg,jpg,188720,1/5/8/c/4/c/3/3/9/f75259d2e98517cc.jpg,-1,-1
328,User:1,2011.04.15.16.25.23 -0700,2011.04.15.16.25.23 -0700,image/jpeg,IMAGE,kli-008-in.jpg,jpg,111295,1/a/4/0/7/e/d/1/1/ba87a2ccfe33adcc.jpg,-1,-1
329,User:1,2011.04.15.16.28.29 -0700,2011.04.15.16.28.29 -0700,image/jpeg,IMAGE,mrc-010-mm.jpg,jpg,475796,1/5/3/e/4/5/a/f/a/5a1113eb9f1de1da.jpg,-1,-1
330,User:1,2011.04.15.16.31.18 -0700,2011.04.15.16.31.18 -0700,image/jpeg,IMAGE,mil-004-op.jpg,jpg,120593,1/4/b/b/1/d/6/9/e/dbba40b9eabe1921.jpg,-1,-1
331,User:1,2011.04.15.16.33.07 -0700,2011.04.15.16.33.07 -0700,image/jpeg,IMAGE,mil-005-go.jpg,jpg,520728,1/2/0/b/6/f/c/4/6/672fda2bb83d27f2.jpg,-1,-1
332,User:1,2011.04.15.16.36.47 -0700,2011.04.15.16.36.47 -0700,image/jpeg,IMAGE,mit-022-oc.jpg,jpg,570751,1/b/d/d/1/4/e/3/a/a7072072f37c422f.jpg,-1,-1
333,User:1,2011.04.15.16.39.14 -0700,2011.04.15.16.39.14 -0700,image/jpeg,IMAGE,mit-023-oc.jpg,jpg,999824,1/a/c/9/9/3/2/c/b/a8bf182f0776695d.jpg,-1,-1
334,User:1,2011.04.15.16.39.29 -0700,2011.04.15.16.39.29 -0700,image/jpeg,IMAGE,mit-023-oc.jpg,jpg,999824,1/d/c/a/5/f/a/b/e/04f7ecb95d39062e.jpg,-1,-1
335,User:1,2011.04.15.16.45.15 -0700,2011.04.15.16.45.15 -0700,image/jpeg,IMAGE,mot-017-mm.jpg,jpg,332760,1/e/f/c/a/a/c/c/3/807d11ee1b763d5b.jpg,-1,-1
336,User:1,2011.04.15.16.47.45 -0700,2011.04.15.16.47.45 -0700,image/jpeg,IMAGE,mot-019-mm.jpg,jpg,362470,1/8/a/5/5/1/1/5/1/084b67bf66b6a1b8.jpg,-1,-1
337,User:1,2011.04.15.17.19.10 -0700,2011.04.15.17.19.10 -0700,image/jpeg,IMAGE,picture1.jpg,jpg,82997,1/5/d/c/f/1/f/8/a/846bc154d566321e.jpg,-1,-1
338,User:1,2011.04.15.17.25.32 -0700,2011.04.15.17.25.32 -0700,image/jpeg,IMAGE,nad-049-sc.jpg,jpg,179851,1/1/f/d/f/8/c/7/7/990282659dba2bf0.jpg,-1,-1
339,User:1,2011.04.27.10.11.38 -0700,2011.04.27.10.11.38 -0700,image/jpeg,IMAGE,blm-001-ap.jpg,jpg,164190,1/5/5/0/5/d/9/5/4/2d2fee57aa1f1741.jpg,-1,-1
340,User:1,2011.04.27.10.13.54 -0700,2011.04.27.10.13.54 -0700,image/jpeg,IMAGE,blm-003-go.jpg,jpg,319005,1/2/4/9/1/2/6/9/d/f4070a13aa1a5358.jpg,-1,-1
341,User:1,2011.04.27.10.15.46 -0700,2011.04.27.10.15.46 -0700,image/jpeg,IMAGE,blm-002-op.jpg,jpg,978151,1/7/b/b/8/e/d/8/4/eae3f3ef7a05f5eb.jpg,-1,-1
342,User:1,2011.04.27.10.16.55 -0700,2011.04.27.10.16.55 -0700,image/jpeg,IMAGE,blm-005-op.jpg,jpg,463383,1/6/6/7/7/1/d/7/6/1b23353081741eb5.jpg,-1,-1
343,User:1,2011.04.27.10.18.40 -0700,2011.04.27.10.18.40 -0700,image/jpeg,IMAGE,chh-001-wc.jpg,jpg,133432,1/2/6/2/3/1/4/1/8/ddbc5039afc1937b.jpg,-1,-1
344,User:1,2011.04.27.10.23.47 -0700,2011.04.27.10.23.47 -0700,image/jpeg,IMAGE,fra-008-ap.jpg,jpg,634630,1/6/c/6/d/5/d/b/a/76ea27b6456044c5.jpg,-1,-1
345,User:1,2011.04.27.11.12.36 -0700,2011.04.27.11.12.36 -0700,image/jpeg,IMAGE,grh-002-in.jpg,jpg,435873,1/6/1/6/5/3/8/5/3/6e8713a4354a91cc.jpg,-1,-1
346,User:1,2011.04.27.11.18.51 -0700,2011.04.27.11.18.51 -0700,image/jpeg,IMAGE,grh-004-oc.jpg,jpg,535911,1/4/a/8/9/d/c/2/8/cd2669adf1a18bab.jpg,-1,-1
347,User:1,2011.04.27.11.24.33 -0700,2011.04.27.11.24.33 -0700,image/jpeg,IMAGE,grh-004-oc.jpg,jpg,121859,1/6/a/1/1/5/3/2/0/08db5837b4ae72e8.jpg,-1,-1
348,User:1,2011.04.27.15.03.31 -0700,2011.04.27.15.03.31 -0700,image/jpeg,IMAGE,hri-001-mm.jpg,jpg,185415,1/c/a/4/5/5/3/c/4/4b95583bcf2b01a7.jpg,-1,-1
349,User:1,2011.04.27.16.19.47 -0700,2011.04.27.16.19.47 -0700,image/jpeg,IMAGE,iwa-001-oc.jpg,jpg,214036,1/5/1/6/7/4/f/a/7/aef16cef8720dbcb.jpg,-1,-1
350,User:1,2011.04.27.16.22.53 -0700,2011.04.27.16.22.53 -0700,image/jpeg,IMAGE,jhn-001-mm.jpg,jpg,388884,1/b/7/7/2/f/b/3/0/5b2b7d65d5e54658.jpg,-1,-1
351,User:1,2011.04.27.16.28.44 -0700,2011.04.27.16.28.44 -0700,image/jpeg,IMAGE,jhn-003-mm.jpg,jpg,196423,1/5/5/0/a/7/3/0/9/55571320bd87fdb5.jpg,-1,-1
352,User:1,2011.04.27.16.32.25 -0700,2011.04.27.16.32.25 -0700,image/jpeg,IMAGE,kmu-001-in.jpg,jpg,360276,1/d/2/6/4/2/d/6/9/ac17a7a811e36462.jpg,-1,-1
353,User:1,2011.04.27.16.34.22 -0700,2011.04.27.16.34.22 -0700,image/jpeg,IMAGE,kmu-008-ap.jpg,jpg,463446,1/a/2/2/2/5/a/9/f/66d14246a04840a7.jpg,-1,-1
354,User:1,2011.04.27.16.34.37 -0700,2011.04.27.16.34.37 -0700,image/jpeg,IMAGE,kmu-008-ap.jpg,jpg,463446,1/6/3/c/5/a/1/9/2/2277f1147b9f4b40.jpg,-1,-1
355,User:1,2011.04.27.16.45.08 -0700,2011.04.27.16.45.08 -0700,image/jpeg,IMAGE,och-001-mm.jpg,jpg,257189,1/b/a/4/6/6/0/0/a/108f0f272bad1283.jpg,-1,-1
356,User:1,2011.04.27.16.49.08 -0700,2011.04.27.16.49.08 -0700,image/jpeg,IMAGE,oko-001-oc.jpg,jpg,456241,1/d/a/1/8/a/5/b/a/2f927db26974c5c7.jpg,-1,-1
357,User:1,2011.04.27.16.50.51 -0700,2011.04.27.16.50.51 -0700,image/jpeg,IMAGE,oko-002-oc.jpg,jpg,150536,1/8/1/b/6/e/8/6/c/c3ee1f0ac735b9dc.jpg,-1,-1
358,User:1,2011.04.27.16.54.19 -0700,2011.04.27.16.54.19 -0700,image/jpeg,IMAGE,oko-003-oc.jpg,jpg,452518,1/0/b/d/5/4/c/1/7/fedb0c0604735c4a.jpg,-1,-1
359,User:1,2011.04.27.16.56.46 -0700,2011.04.27.16.56.46 -0700,image/jpeg,IMAGE,oko-030-oc.jpg,jpg,309572,1/0/9/6/7/0/7/1/b/4b6ffec01b21054b.jpg,-1,-1
360,User:1,2011.04.27.17.00.43 -0700,2011.04.27.17.00.43 -0700,image/jpeg,IMAGE,pet-075-oc.jpg,jpg,721697,1/6/3/3/b/1/9/e/1/cebcc8e7932aba04.jpg,-1,-1
361,User:1,2011.04.27.17.03.29 -0700,2011.04.27.17.03.29 -0700,image/jpeg,IMAGE,pet-087-oc.jpg,jpg,1127039,1/1/0/2/b/2/0/2/6/5fe1af0530a23ddf.jpg,-1,-1
362,User:1,2011.04.27.17.05.23 -0700,2011.04.27.17.05.23 -0700,image/jpeg,IMAGE,pet-107-oc.jpg,jpg,917312,1/4/8/4/b/3/c/3/5/2ef7414c8d8bb5ad.jpg,-1,-1
363,User:1,2011.04.27.17.07.16 -0700,2011.04.27.17.07.16 -0700,image/jpeg,IMAGE,pet-081-oc.jpg,jpg,641476,1/a/2/6/b/c/5/a/2/042d852a7f89c4e3.jpg,-1,-1
364,User:1,2011.04.28.10.22.05 -0700,2011.04.28.10.22.05 -0700,image/jpeg,IMAGE,ved-001-op.jpg,jpg,432490,1/c/a/b/1/2/7/d/8/ca59504b8262449e.jpg,-1,-1
365,User:1,2011.04.28.10.23.37 -0700,2011.04.28.10.23.37 -0700,image/jpeg,IMAGE,stm-004-oc.jpg,jpg,99350,1/9/2/5/b/a/c/3/b/6cc1319f544b9214.jpg,-1,-1
366,User:1,2011.04.28.10.24.56 -0700,2011.04.28.10.24.56 -0700,image/jpeg,IMAGE,stm-006-oc.jpg,jpg,219019,1/0/6/4/a/e/b/c/c/abea85bcede03ae7.jpg,-1,-1
367,User:1,2011.04.28.10.26.09 -0700,2011.04.28.10.26.09 -0700,image/jpeg,IMAGE,stm-009-ac.jpg,jpg,372277,1/2/1/a/c/9/8/c/4/5d92d1edb4747dc5.jpg,-1,-1
368,User:1,2011.04.28.10.27.22 -0700,2011.04.28.10.27.22 -0700,image/jpeg,IMAGE,stm-011-go.jpg,jpg,724648,1/3/6/e/7/7/e/0/4/fe0ae1e3a20fd900.jpg,-1,-1
369,User:1,2011.04.28.10.31.12 -0700,2011.04.28.10.31.12 -0700,image/jpeg,IMAGE,szk-001-oc.jpg,jpg,371985,1/4/2/b/4/7/d/2/b/8dbb67f3c40a5296.jpg,-1,-1
370,User:1,2011.04.28.10.33.41 -0700,2011.04.28.10.33.41 -0700,image/jpeg,IMAGE,szk-002-oc.jpg,jpg,462223,1/b/9/1/1/f/7/b/5/e3007f6c8180f494.jpg,-1,-1
371,User:1,2011.04.28.10.42.27 -0700,2011.04.28.10.42.27 -0700,image/jpeg,IMAGE,vic-039-mm.jpg,jpg,542557,1/d/4/2/e/c/9/6/e/91b59a1f5aadb1bd.jpg,-1,-1
372,User:1,2011.04.28.10.46.32 -0700,2011.04.28.10.46.32 -0700,image/jpeg,IMAGE,vic-048-oc.jpg,jpg,234689,1/d/4/c/7/a/f/5/7/f13ec47338482787.jpg,-1,-1
373,User:1,2011.04.29.17.04.37 -0700,2011.04.29.17.04.37 -0700,image/jpeg,IMAGE,stp-284-1upcopy.jpg,jpg,826283,1/c/5/f/e/f/7/5/1/0bd0bcf691749727.jpg,-1,-1
374,User:1,2011.06.09.13.06.21 -0700,2011.06.09.13.06.21 -0700,image/jpeg,IMAGE,par-212-1up.jpg,jpg,1687202,1/5/0/3/a/3/b/f/f/c958e67b4745d8e7.jpg,-1,-1
375,User:1,2011.06.09.13.35.32 -0700,2011.06.09.13.35.32 -0700,image/jpeg,IMAGE,par-214-1up.jpg,jpg,1017687,1/d/c/8/4/7/e/9/3/dd826fe856c80f76.jpg,-1,-1
376,User:1,2011.06.09.13.38.00 -0700,2011.06.09.13.38.00 -0700,image/jpeg,IMAGE,picture1.jpg,jpg,1282189,1/9/e/9/2/7/2/c/4/a1ae16fbafad302c.jpg,-1,-1
377,User:1,2011.06.23.16.34.44 -0700,2011.06.23.16.34.44 -0700,image/jpeg,IMAGE,picture2.jpg,jpg,268798,1/d/0/1/5/4/0/5/1/4c34cfd5facd4f1f.jpg,-1,-1
378,User:1,2011.06.23.16.36.24 -0700,2011.06.23.16.36.24 -0700,image/jpeg,IMAGE,picture1.jpg,jpg,577061,1/c/f/2/e/7/3/7/9/da8a1bcc99df34b0.jpg,-1,-1
379,User:1,2011.06.23.16.38.17 -0700,2011.06.23.16.38.17 -0700,image/jpeg,IMAGE,bek-004-6-e.jpg,jpg,260475,1/5/1/5/e/a/c/f/1/4878450f7a6e7ac4.jpg,-1,-1
380,User:1,2011.06.23.16.38.33 -0700,2011.06.23.16.38.33 -0700,image/jpeg,IMAGE,bek-003-8-e.jpg,jpg,101026,1/5/e/4/b/4/0/2/3/9fe9e32e6b2ebca4.jpg,-1,-1
381,User:1,2011.07.07.11.32.30 -0700,2011.07.07.11.32.30 -0700,image/jpeg,IMAGE,wla-047-e.jpg,jpg,125041,1/d/e/0/9/9/0/e/3/6fde3bcc6224e6b6.jpg,-1,-1
382,User:1,2011.07.07.11.33.16 -0700,2011.07.07.11.33.16 -0700,image/jpeg,IMAGE,wla-046-e.jpg,jpg,64836,1/9/4/0/7/7/b/0/c/fcfc8861981e9d96.jpg,-1,-1
383,User:1,2011.07.07.11.34.37 -0700,2011.07.07.11.34.37 -0700,image/jpeg,IMAGE,wla-045-e.jpg,jpg,109972,1/3/9/4/d/b/0/3/9/4b66ed8dde025d5d.jpg,-1,-1
384,User:1,2011.07.07.11.37.10 -0700,2011.07.07.11.37.10 -0700,image/jpeg,IMAGE,wla-044-2-e.jpg,jpg,84732,1/0/1/b/e/6/2/3/d/e49982f39723ea95.jpg,-1,-1
385,User:1,2011.07.07.11.37.30 -0700,2011.07.07.11.37.30 -0700,image/jpeg,IMAGE,wla-044-2-e.jpg,jpg,84732,1/a/e/3/e/1/d/7/8/954c58549703185d.jpg,-1,-1
386,User:1,2011.07.07.11.38.18 -0700,2011.07.07.11.38.18 -0700,image/jpeg,IMAGE,wla-043-e.jpg,jpg,146109,1/8/d/6/5/2/1/f/5/ff251bd9982021ef.jpg,-1,-1
387,User:1,2011.07.07.11.38.56 -0700,2011.07.07.11.38.56 -0700,image/jpeg,IMAGE,wla-042-2-e.jpg,jpg,145356,1/e/9/b/8/5/1/5/7/75f4c3f12820b7e3.jpg,-1,-1
388,User:1,2011.07.07.11.39.50 -0700,2011.07.07.11.39.50 -0700,image/jpeg,IMAGE,wla-041-2-e.jpg,jpg,85998,1/c/c/b/6/6/4/b/a/0ad5669e25b8f55e.jpg,-1,-1
389,User:1,2011.07.07.11.40.43 -0700,2011.07.07.11.40.43 -0700,image/jpeg,IMAGE,wla-027-e.jpg,jpg,79772,1/7/5/1/1/1/7/6/7/626d908ccf78c1f3.jpg,-1,-1
390,User:1,2011.07.07.11.41.47 -0700,2011.07.07.11.41.47 -0700,image/jpeg,IMAGE,wla-048-2-e.jpg,jpg,137834,1/d/f/a/3/2/8/9/5/d104f50f5f3437ce.jpg,-1,-1
391,User:1,2011.07.07.11.42.43 -0700,2011.07.07.11.42.43 -0700,image/jpeg,IMAGE,wla-037-e.jpg,jpg,85875,1/7/5/f/9/6/1/d/6/80a34872227dd39c.jpg,-1,-1
392,User:1,2011.07.07.11.43.31 -0700,2011.07.07.11.43.31 -0700,image/jpeg,IMAGE,wla-038-e.jpg,jpg,128783,1/4/5/e/b/a/1/a/d/ca52a34d598419c4.jpg,-1,-1
393,User:1,2011.07.07.11.54.24 -0700,2011.07.07.11.54.24 -0700,image/jpeg,IMAGE,picture1.jpg,jpg,592386,1/a/e/4/1/7/4/c/3/d3949b4835afd3e7.jpg,-1,-1
394,User:1,2011.07.07.11.56.21 -0700,2011.07.07.11.56.21 -0700,image/jpeg,IMAGE,picture1.jpg,jpg,669742,1/6/e/8/b/3/4/3/a/1f2221d80b2d6e7d.jpg,-1,-1
395,User:1,2011.07.07.11.58.59 -0700,2011.07.07.11.58.59 -0700,image/jpeg,IMAGE,picture1.jpg,jpg,465976,1/0/8/0/6/c/a/9/d/c4d1a903ababdb1e.jpg,-1,-1
396,User:1,2011.07.07.12.00.02 -0700,2011.07.07.12.00.02 -0700,image/jpeg,IMAGE,picture2.jpg,jpg,303767,1/7/7/b/5/5/1/3/f/2c566bf4877cf035.jpg,-1,-1
397,User:1,2011.07.07.12.02.31 -0700,2011.07.07.12.02.31 -0700,image/jpeg,IMAGE,picture1.jpg,jpg,465976,1/0/0/e/a/1/3/7/7/f33b3138e21c950d.jpg,-1,-1
398,User:1,2011.07.07.12.04.19 -0700,2011.07.07.12.04.19 -0700,image/jpeg,IMAGE,picture1.jpg,jpg,510911,1/0/7/4/e/8/b/3/5/141d80d8ad8d3596.jpg,-1,-1
399,User:1,2011.07.07.12.38.21 -0700,2011.07.07.12.38.21 -0700,image/jpeg,IMAGE,picture4.jpg,jpg,427433,1/9/d/d/4/d/2/4/9/0c89412b9a2cb67d.jpg,-1,-1
400,User:1,2011.07.07.12.38.58 -0700,2011.07.07.12.38.58 -0700,image/jpeg,IMAGE,picture1.jpg,jpg,551728,1/6/6/8/8/b/8/c/6/da086e973dcc1e55.jpg,-1,-1
401,User:1,2011.07.07.12.40.14 -0700,2011.07.07.12.40.14 -0700,image/jpeg,IMAGE,picture2.jpg,jpg,576170,1/2/0/7/c/d/b/e/5/73fad0fd96013246.jpg,-1,-1
402,User:1,2011.07.07.12.41.29 -0700,2011.07.07.12.41.29 -0700,image/jpeg,IMAGE,picture3.jpg,jpg,464373,1/c/c/b/b/e/4/b/a/0c114e9300c8c793.jpg,-1,-1
403,User:1,2011.07.07.12.42.19 -0700,2011.07.07.12.42.19 -0700,image/jpeg,IMAGE,picture5.jpg,jpg,409262,1/e/e/5/4/5/a/d/8/04c112eb695726e6.jpg,-1,-1
404,User:1,2011.07.27.15.04.36 -0700,2011.07.27.15.04.36 -0700,image/jpeg,IMAGE,bwall_img_1879_lr.jpg,jpg,53856,1/1/7/2/1/5/7/6/f/83afc86443ac3200.jpg,-1,-1
405,User:1,2011.07.27.15.07.13 -0700,2011.07.27.15.07.13 -0700,image/jpeg,IMAGE,wla-046-fs.jpg,jpg,1252616,1/0/f/1/4/b/2/9/3/17db0ddd619575a8.jpg,-1,-1
406,User:1,2011.09.28.15.39.48 -0700,2011.09.28.15.39.48 -0700,image/jpeg,IMAGE,frb-001-2-e.jpg,jpg,37926,1/f/b/8/e/5/a/3/3/727d2e3ff77f8807.jpg,-1,-1
407,User:1,2011.09.28.15.41.07 -0700,2011.09.28.15.41.07 -0700,image/jpeg,IMAGE,frb-001-2-e.jpg,jpg,37926,1/a/9/b/3/9/0/4/6/48e4c31923299281.jpg,-1,-1
408,User:1,2011.09.28.15.41.46 -0700,2011.09.28.15.41.46 -0700,image/jpeg,IMAGE,mot-037-e.jpg,jpg,74447,1/2/1/d/b/b/e/c/b/a9a34771564e2f81.jpg,-1,-1
409,User:1,2011.09.28.15.46.03 -0700,2011.09.28.15.46.03 -0700,image/jpeg,IMAGE,ksi-001-e.jpg,jpg,55441,1/4/5/c/1/4/f/3/0/db851c4d79d1c811.jpg,-1,-1
410,User:1,2011.09.28.15.52.38 -0700,2011.09.28.15.52.38 -0700,image/jpeg,IMAGE,tob-001-e.jpg,jpg,50005,1/e/1/0/0/2/6/e/c/8b8f007b7956b86c.jpg,-1,-1
411,User:1,2011.09.28.15.55.55 -0700,2011.09.28.15.55.55 -0700,image/jpeg,IMAGE,ksi-013-e.jpg,jpg,206617,1/c/8/0/7/6/2/a/a/a519d2a5566d2354.jpg,-1,-1
412,User:1,2011.09.28.16.02.08 -0700,2011.09.28.16.02.08 -0700,image/jpeg,IMAGE,okm-002-e.jpg,jpg,220668,1/3/5/4/e/3/b/9/9/c2ebd9fb87af50da.jpg,-1,-1
413,User:1,2011.09.28.16.05.05 -0700,2011.09.28.16.05.05 -0700,image/jpeg,IMAGE,saw-002-e.jpg,jpg,645434,1/9/b/9/d/4/4/7/f/ca077933325b0efe.jpg,-1,-1
414,User:1,2011.09.28.16.07.24 -0700,2011.09.28.16.07.24 -0700,image/jpeg,IMAGE,hog-008-e.jpg,jpg,684719,1/1/3/c/a/a/1/c/a/222f545a26a14404.jpg,-1,-1
415,User:1,2011.09.28.16.12.54 -0700,2011.09.28.16.12.54 -0700,image/jpeg,IMAGE,sga-001-e.jpg,jpg,139656,1/0/a/4/2/f/9/c/8/0e33d205abd28f43.jpg,-1,-1
416,User:1,2011.09.28.16.31.19 -0700,2011.09.28.16.31.19 -0700,image/jpeg,IMAGE,okd-007-e.jpg,jpg,112163,1/f/8/1/5/c/7/a/f/7f1c3a34bdf85524.jpg,-1,-1
417,User:1,2011.09.28.16.35.36 -0700,2011.09.28.16.35.36 -0700,image/jpeg,IMAGE,krs-002-e.jpg,jpg,294890,1/a/6/a/7/1/2/2/d/42c87da03e896353.jpg,-1,-1
418,User:1,2011.09.28.16.44.52 -0700,2011.09.28.16.44.52 -0700,image/jpeg,IMAGE,krs-002-e.jpg,jpg,294890,1/d/e/5/9/6/9/0/2/06bae03d25126bf8.jpg,-1,-1
419,User:1,2011.10.06.11.23.00 -0700,2011.10.06.11.23.00 -0700,image/jpeg,IMAGE,ner-244-e.jpg,jpg,43079,1/2/d/2/b/6/3/f/2/975d6981b5176dda.jpg,-1,-1
420,User:1,2011.10.07.13.57.15 -0700,2011.10.07.13.57.15 -0700,image/jpeg,IMAGE,ner-244-e.jpg,jpg,43079,1/1/f/1/0/0/1/9/3/fc631e1094ce2085.jpg,-1,-1
421,User:1,2011.10.07.14.25.27 -0700,2011.10.07.14.25.27 -0700,image/jpeg,IMAGE,ner-244-e.jpg,jpg,43079,1/b/9/d/d/3/a/9/2/8484063bfaf2eed9.jpg,-1,-1
422,User:1,2011.10.07.14.27.24 -0700,2011.10.07.14.27.24 -0700,image/jpeg,IMAGE,nev-037-e.jpg,jpg,58291,1/d/c/7/e/f/b/d/0/bdac718fec3bd2ff.jpg,-1,-1
423,User:1,2011.10.07.14.29.00 -0700,2011.10.07.14.29.00 -0700,image/jpeg,IMAGE,asa-002-e.jpg,jpg,111276,1/a/a/0/7/9/1/1/1/11a9b73abc3460af.jpg,-1,-1
424,User:1,2011.10.14.11.35.18 -0700,2011.10.14.11.35.18 -0700,image/jpeg,IMAGE,nev-037-e.jpg,jpg,37986,1/d/7/b/1/3/a/0/3/da34cc509d482a8b.jpg,-1,-1
425,User:1,2011.10.14.11.36.08 -0700,2011.10.14.11.36.08 -0700,image/jpeg,IMAGE,kli-011-e.jpg,jpg,72594,1/1/4/d/6/e/f/0/5/8fb635214afe87bd.jpg,-1,-1
426,User:1,2012.01.03.13.22.51 -0800,2012.01.03.13.22.51 -0800,image/jpeg,IMAGE,picture2.jpg,jpg,68193,1/1/2/b/1/1/b/b/3/29532920c23a60a8.jpg,-1,-1
427,User:1,2012.01.05.14.50.37 -0800,2012.01.05.14.50.37 -0800,image/jpeg,IMAGE,art_news_dec_2011.jpg,jpg,203732,1/9/8/a/5/a/9/4/2/0aeb56fc3fd77032.jpg,-1,-1
428,User:1,2012.04.03.16.17.07 -0700,2012.04.03.16.17.07 -0700,image/jpeg,IMAGE,osi-002-1up.jpg,jpg,1499055,1/d/8/6/7/6/9/6/2/26c5d38323eaa798.jpg,846,1800
429,User:1,2012.04.03.16.19.29 -0700,2012.04.03.16.19.29 -0700,image/jpeg,IMAGE,osi-002-1up.jpg,jpg,1499055,1/4/0/d/4/4/7/e/c/ddc3043805fd35a3.jpg,846,1800
430,User:1,2012.04.03.16.27.43 -0700,2012.04.03.16.27.43 -0700,image/png,IMAGE,osi-002-1up.png,png,3920572,1/3/2/e/e/7/a/a/b/e42d8c61aa17b958.png,846,1800
431,User:1,2012.12.18.14.45.37 -0800,2012.12.18.14.45.37 -0800,image/jpeg,IMAGE,hml_111212_001-e.jpg,jpg,80286,1/5/0/5/8/b/d/7/7/f8eee85fdfb9ae0b.jpg,800,532
432,User:1,2012.12.18.14.45.41 -0800,2012.12.18.14.45.41 -0800,image/jpeg,IMAGE,hml_111212_002-e.jpg,jpg,82342,1/e/d/7/c/2/d/7/2/602597bbbebd68c7.jpg,800,526
433,User:1,2012.12.18.14.45.47 -0800,2012.12.18.14.45.47 -0800,image/jpeg,IMAGE,hml_111212_004-e.jpg,jpg,88234,1/b/5/f/7/9/9/e/4/b003fd2757bb5f2c.jpg,526,800
434,User:1,2012.12.18.14.51.35 -0800,2012.12.18.14.51.35 -0800,image/jpeg,IMAGE,hml_111212_001-e.jpg,jpg,80286,1/2/a/8/1/c/1/c/3/4184320497f1e915.jpg,800,532
435,User:1,2012.12.18.14.51.36 -0800,2012.12.18.14.51.36 -0800,image/jpeg,IMAGE,hml_111212_002-e.jpg,jpg,82342,1/f/3/7/f/2/0/a/e/c4961db1b42ff834.jpg,800,526
436,User:1,2012.12.18.14.51.38 -0800,2012.12.18.14.51.38 -0800,image/jpeg,IMAGE,hml_111212_004-e.jpg,jpg,88234,1/6/2/d/7/4/d/6/0/a8412f5f486684fd.jpg,526,800
437,User:1,2012.12.18.14.55.46 -0800,2012.12.18.14.55.46 -0800,image/jpeg,IMAGE,hml_111212_001-e.jpg,jpg,80286,1/1/1/e/6/c/f/c/d/4b6e368a88be6504.jpg,800,532
438,User:1,2012.12.18.14.55.48 -0800,2012.12.18.14.55.48 -0800,image/jpeg,IMAGE,hml_111212_002-e.jpg,jpg,82342,1/0/4/3/b/9/5/2/b/dd33921a1782eeae.jpg,800,526
439,User:1,2012.12.18.14.55.49 -0800,2012.12.18.14.55.49 -0800,image/jpeg,IMAGE,hml_111212_004-e.jpg,jpg,88234,1/e/0/1/8/7/5/0/9/9e8bd3957ebe8e13.jpg,526,800
440,User:1,2012.12.18.14.58.07 -0800,2012.12.18.14.58.07 -0800,image/jpeg,IMAGE,hml_111212_001-e.jpg,jpg,80286,1/b/e/5/a/a/6/9/a/30b53ebff7211500.jpg,800,532
441,User:1,2012.12.18.14.58.47 -0800,2012.12.18.14.58.47 -0800,image/jpeg,IMAGE,hml_111212_002-e.jpg,jpg,82342,1/7/f/8/3/9/d/4/4/aac9212c6a667535.jpg,800,526
442,User:1,2012.12.18.14.58.58 -0800,2012.12.18.14.58.58 -0800,image/jpeg,IMAGE,hml_111212_004-e.jpg,jpg,88234,1/d/2/3/6/e/6/1/a/21e71e789730fd3d.jpg,526,800
443,User:1,2012.12.20.20.21.01 -0800,2012.12.20.20.21.01 -0800,image/jpeg,IMAGE,def_grav1.jpg,jpg,82342,1/c/c/e/d/d/2/a/a/c037b99ac4070e26.jpg,800,526
444,User:1,2012.12.20.20.21.02 -0800,2012.12.20.20.21.02 -0800,image/jpeg,IMAGE,def_grav2.jpg,jpg,88234,1/1/5/0/0/a/d/0/a/e83f67a676793d40.jpg,526,800
445,User:1,2012.12.20.20.21.03 -0800,2012.12.20.20.21.03 -0800,image/jpeg,IMAGE,def_grav3.jpg,jpg,80286,1/0/c/7/0/c/0/7/e/2ee20fdbaa3aa539.jpg,800,532
446,User:1,2012.12.20.20.21.51 -0800,2012.12.20.20.21.51 -0800,image/jpeg,IMAGE,def_grav1.jpg,jpg,82342,1/b/d/4/d/3/8/d/f/59c4ef49cca356d7.jpg,800,526
447,User:1,2012.12.20.20.22.18 -0800,2012.12.20.20.22.18 -0800,image/jpeg,IMAGE,def_grav2.jpg,jpg,88234,1/f/6/a/d/4/b/3/8/73949646dcf7e09c.jpg,526,800
448,User:1,2012.12.20.20.22.25 -0800,2012.12.20.20.22.25 -0800,image/jpeg,IMAGE,def_grav3.jpg,jpg,80286,1/2/7/5/4/7/d/c/8/26e40ece5006a41e.jpg,800,532
449,User:1,2013.01.11.15.26.53 -0800,2013.01.11.15.26.53 -0800,image/jpeg,IMAGE,hml_111212_005.2-p.jpg,jpg,616211,1/a/4/6/0/6/f/c/b/ef754bc4e7cafdfb.jpg,1183,1800
450,User:1,2013.01.30.13.39.12 -0800,2013.01.30.13.39.12 -0800,image/jpeg,IMAGE,mot-037-1up.jpg,jpg,695125,1/8/a/c/4/0/1/f/b/75396f9867f68f80.jpg,1355,1800
451,User:1,2013.01.30.13.47.39 -0800,2013.01.30.13.47.39 -0800,image/jpeg,IMAGE,two-007-2-1up.jpg,jpg,1458315,1/d/6/1/5/8/e/d/f/7e79ba151a999da2.jpg,1609,1800
452,User:1,2013.01.30.13.48.56 -0800,2013.01.30.13.48.56 -0800,image/jpeg,IMAGE,mrc-016-1up.jpg,jpg,1001932,1/f/0/c/a/0/5/1/b/1e494bcfb2804593.jpg,1181,1800
453,User:1,2013.01.30.13.51.22 -0800,2013.01.30.13.51.22 -0800,image/jpeg,IMAGE,mit-033-1up.jpg,jpg,1250097,1/7/e/e/d/5/d/8/d/93e1816e53b4e15e.jpg,1469,1800
454,User:1,2013.01.30.13.54.30 -0800,2013.01.30.13.54.30 -0800,image/jpeg,IMAGE,dbk-109-1up.jpg,jpg,616180,1/2/8/3/b/7/9/9/b/acaacd61aefa9e1a.jpg,1800,1114
455,User:1,2013.01.30.13.56.41 -0800,2013.01.30.13.56.41 -0800,image/jpeg,IMAGE,hrn-001-1up.jpg,jpg,1585548,1/6/f/a/2/3/2/7/4/e398e3ccd6205071.jpg,1800,1548
456,User:1,2013.01.30.13.58.19 -0800,2013.01.30.13.58.19 -0800,image/jpeg,IMAGE,ner-585-2-1up.jpg,jpg,307689,1/c/8/0/7/b/a/0/5/fd16b33b157815ef.jpg,1198,1800
457,User:1,2013.01.30.13.59.32 -0800,2013.01.30.13.59.32 -0800,image/jpeg,IMAGE,stn-004-1up.jpg,jpg,253358,1/b/9/4/4/6/f/2/1/0e4c6fa3c1650462.jpg,2400,1178
458,User:1,2013.01.30.14.00.58 -0800,2013.01.30.14.00.58 -0800,image/jpeg,IMAGE,vic-039-1up.jpg,jpg,1014673,1/e/a/4/4/a/d/5/1/51f6abe9a8f31a3d.jpg,1681,1800
459,User:1,2013.01.30.14.03.35 -0800,2013.01.30.14.03.35 -0800,image/jpeg,IMAGE,sga-002-1up.jpg,jpg,1419440,1/5/c/0/b/0/f/b/0/8c991f27a63ea97d.jpg,1800,1327
460,User:1,2013.01.30.14.11.05 -0800,2013.01.30.14.11.05 -0800,image/jpeg,IMAGE,ved-001-1up.jpg,jpg,4612637,1/9/1/0/0/0/0/2/c/3e814574449b7e69.jpg,1824,2400
461,User:1,2013.01.30.14.12.45 -0800,2013.01.30.14.12.45 -0800,image/jpeg,IMAGE,wla-052-1up.jpg,jpg,360033,1/9/7/4/8/7/9/5/a/95b03597afd65af2.jpg,1179,1800
462,User:1,2013.01.30.14.13.52 -0800,2013.01.30.14.13.52 -0800,image/jpeg,IMAGE,wla-044-1up.jpg,jpg,454476,1/e/4/a/f/6/b/f/8/b3474e06462ffa1a.jpg,1800,1760
463,User:1,2013.01.30.14.15.04 -0800,2013.01.30.14.15.04 -0800,image/jpeg,IMAGE,hog-010-1up.jpg,jpg,1052073,1/c/b/5/1/2/0/f/9/8cb54d31de14499f.jpg,1800,1650
464,User:1,2013.01.30.14.16.09 -0800,2013.01.30.14.16.09 -0800,image/jpeg,IMAGE,hog-011-1up.jpg,jpg,971083,1/d/3/d/7/f/8/3/e/acff668a2c24ea48.jpg,1800,1371
465,User:1,2013.01.30.14.18.26 -0800,2013.01.30.14.18.26 -0800,image/jpeg,IMAGE,hog-004-1up.jpg,jpg,585643,1/5/8/7/3/2/9/4/4/120323520f7acd6f.jpg,1400,1209
466,User:1,2013.01.30.14.26.39 -0800,2013.01.30.14.26.39 -0800,image/jpeg,IMAGE,hog-002-1up.jpg,jpg,250467,1/6/c/c/3/0/8/a/d/e18cd1d198527105.jpg,1000,885
467,User:1,2013.01.30.16.22.30 -0800,2013.01.30.16.22.30 -0800,image/jpeg,IMAGE,hml_111212_005.2-e.jpg,jpg,62988,1/0/e/2/2/5/0/c/a/e351e3cb7a4423e8.jpg,394,600
468,User:1,2013.01.30.16.25.33 -0800,2013.01.30.16.25.33 -0800,image/jpeg,IMAGE,hml_111212_005.2-e.jpg,jpg,62988,1/a/b/9/9/c/a/0/e/cae7aa565322c86a.jpg,394,600
469,User:1,2013.01.31.16.40.29 -0800,2013.01.31.16.40.29 -0800,image/jpeg,IMAGE,installation_image.jpg,jpg,624665,1/7/b/2/8/1/a/a/a/1336b54a48b37a4e.jpg,813,1000
470,User:1,2013.01.31.16.45.30 -0800,2013.01.31.16.45.30 -0800,image/jpeg,IMAGE,installation_image.jpg,jpg,624665,1/e/9/1/9/7/8/f/0/dbf5a282f0c792a8.jpg,813,1000
471,User:1,2013.01.31.16.49.55 -0800,2013.01.31.16.49.55 -0800,image/jpeg,IMAGE,installation_image_alt.jpg,jpg,562177,1/9/9/b/2/b/c/2/8/d70840c6ad96f82e.jpg,708,968
472,User:1,2013.01.31.16.57.18 -0800,2013.01.31.16.57.18 -0800,image/jpeg,IMAGE,installation.jpg,jpg,759402,1/8/1/4/1/e/4/4/2/8f8a3f39031a1bec.jpg,810,1100
473,User:1,2013.01.31.17.01.53 -0800,2013.01.31.17.01.53 -0800,image/jpeg,IMAGE,hml_111212_005.2-p.jpg,jpg,616211,1/d/5/2/f/1/1/7/c/baecde05feaab8bf.jpg,1183,1800
474,User:1,2013.01.31.17.03.12 -0800,2013.01.31.17.03.12 -0800,image/jpeg,IMAGE,hml_111212_002-p.jpg,jpg,537232,1/a/c/2/9/7/d/9/7/e1b8411e5ece54cf.jpg,1800,1184
475,User:1,2013.01.31.17.04.49 -0800,2013.01.31.17.04.49 -0800,image/jpeg,IMAGE,hml_111212_001-p.jpg,jpg,570607,1/0/c/6/1/7/8/d/4/f55c14fd7cae373c.jpg,1800,1198
476,User:1,2013.02.01.15.51.48 -0800,2013.02.01.15.51.48 -0800,image/jpeg,IMAGE,hml_111212_005.2-p.jpg,jpg,616211,1/d/1/9/1/2/f/f/1/0b0131e8521f7276.jpg,1183,1800
477,User:1,2013.04.04.16.11.35 -0700,2013.04.04.16.11.35 -0700,image/jpeg,IMAGE,stp-311-1up.jpg,jpg,788711,1/7/0/6/0/5/e/e/0/f6d989a2b1101384.jpg,1800,1355
478,User:1,2013.04.04.16.24.42 -0700,2013.04.04.16.24.42 -0700,image/jpeg,IMAGE,stp-314-1up.jpg,jpg,825706,1/3/c/c/d/8/f/2/f/3b57396a4471f5e8.jpg,1800,1343
479,User:1,2013.04.04.16.32.26 -0700,2013.04.04.16.32.26 -0700,image/jpeg,IMAGE,wla-051-e.jpg,jpg,73403,1/6/7/3/b/6/d/a/a/738766663de43cbc.jpg,600,461
480,User:1,2013.04.04.16.34.15 -0700,2013.04.04.16.34.15 -0700,image/jpeg,IMAGE,wla-049-e.jpg,jpg,69015,1/d/c/8/4/8/c/5/1/b22477249405cd9c.jpg,600,482
481,User:1,2013.04.05.14.42.51 -0700,2013.04.05.14.42.51 -0700,image/jpeg,IMAGE,stp-307-1up.jpg,jpg,1253834,1/d/f/7/a/3/2/a/a/2c28ab3d9b697ad2.jpg,1367,1800
482,User:1,2013.04.11.13.14.04 -0700,2013.04.11.13.14.04 -0700,image/jpeg,IMAGE,stp-314_artnet.jpg,jpg,831176,1/2/2/4/a/8/9/4/0/0d2c65c907cd73ae.jpg,1800,1343
483,User:1,2013.04.11.13.14.54 -0700,2013.04.11.13.14.54 -0700,image/jpeg,IMAGE,stp-311_artnet.jpg,jpg,857352,1/9/1/a/e/0/a/7/a/655ead3ea40a23bf.jpg,1800,1355
484,User:1,2013.04.11.13.53.36 -0700,2013.04.11.13.53.36 -0700,image/jpeg,IMAGE,stp-307_artnet.jpg,jpg,1369287,1/c/d/9/4/4/9/4/8/d91a2b7d7aed5dec.jpg,1367,1800
485,User:1,2013.04.11.15.37.45 -0700,2013.04.11.15.37.45 -0700,image/jpeg,IMAGE,stp-313_artnet.jpg,jpg,908323,1/3/0/e/1/f/f/7/6/841d7b2f702cbcad.jpg,1352,1800
486,User:1,2013.05.07.11.14.48 -0700,2013.05.07.11.14.48 -0700,image/jpeg,IMAGE,brn-016-1up.jpg,jpg,879519,1/b/9/3/d/9/0/1/8/621182ebe616421a.jpg,1800,1440
487,User:1,2013.05.07.11.18.12 -0700,2013.05.07.11.18.12 -0700,image/jpeg,IMAGE,den-004-1up.jpg,jpg,873254,1/2/c/4/2/e/2/5/7/78ea5025c948f5ba.jpg,1230,1400
488,User:1,2013.05.07.11.20.40 -0700,2013.05.07.11.20.40 -0700,image/jpeg,IMAGE,dug-010-1up.jpg,jpg,5029759,1/d/6/f/7/5/f/b/9/81800c6d4e8f6b95.jpg,1821,2400
489,User:1,2013.05.07.11.23.49 -0700,2013.05.07.11.23.49 -0700,image/jpeg,IMAGE,oli-026-1up.jpg,jpg,301551,1/5/5/4/a/3/a/2/8/3e09ddb14674db12.jpg,1117,1400
490,User:1,2013.05.07.16.21.30 -0700,2013.05.07.16.21.30 -0700,image/jpeg,IMAGE,par-176_website.jpg,jpg,925614,1/b/5/e/6/d/d/1/5/01dba4cdc8bc528d.jpg,1077,1800
491,User:1,2013.05.07.16.22.25 -0700,2013.05.07.16.22.25 -0700,image/jpeg,IMAGE,par-210_website.jpg,jpg,1164117,1/a/7/b/2/b/1/3/6/edf651f1b0f19742.jpg,1248,1800
492,User:1,2013.05.07.16.23.17 -0700,2013.05.07.16.23.17 -0700,image/jpeg,IMAGE,hog-004_website.jpg,jpg,1083466,1/e/0/c/8/5/1/1/e/9b1976b66eab0298.jpg,1400,1209
493,User:1,2013.05.07.16.24.31 -0700,2013.05.07.16.24.31 -0700,image/jpeg,IMAGE,hog-010_website.jpg,jpg,2173090,1/2/0/0/d/6/3/5/c/9c1a36a06a4dbb9b.jpg,1800,1650
494,User:1,2013.05.07.16.25.28 -0700,2013.05.07.16.25.28 -0700,image/jpeg,IMAGE,ksi-009_website.jpg,jpg,1223762,1/f/2/0/2/d/8/8/8/d0b51e766772a036.jpg,1800,2680
495,User:1,2013.05.07.16.25.45 -0700,2013.05.07.16.25.45 -0700,image/jpeg,IMAGE,ksi-009_website.jpg,jpg,1223762,1/4/e/a/3/7/d/d/9/c411924ae29bba71.jpg,1800,2680
496,User:1,2013.05.07.17.03.12 -0700,2013.05.07.17.03.12 -0700,image/jpeg,IMAGE,hog-011_website.jpg,jpg,1816164,1/d/f/6/8/6/5/a/e/6d63dafb8714744e.jpg,1800,1371
497,User:1,2013.05.07.17.03.43 -0700,2013.05.07.17.03.43 -0700,image/jpeg,IMAGE,hog-004_website.jpg,jpg,1083466,1/1/f/4/2/4/6/3/a/d1cf6c701dcf0f5a.jpg,1400,1209
498,User:1,2013.05.07.17.05.21 -0700,2013.05.07.17.05.21 -0700,image/jpeg,IMAGE,sga-002_website.jpg,jpg,2048268,1/b/5/3/8/a/3/8/e/4527c770fa0ba053.jpg,1800,1327
499,User:1,2013.05.07.17.06.42 -0700,2013.05.07.17.06.42 -0700,image/jpeg,IMAGE,hrn-001_website.jpg,jpg,2268955,1/2/6/2/f/2/3/b/7/c70f06628fb1c77a.jpg,2094,1800
500,User:1,2013.05.07.17.07.27 -0700,2013.05.07.17.07.27 -0700,image/jpeg,IMAGE,vic-039_website.jpg,jpg,1549837,1/5/7/e/0/a/1/9/1/4f82c3296f18682f.jpg,1681,1800
501,User:1,2013.05.07.17.12.05 -0700,2013.05.07.17.12.05 -0700,image/jpeg,IMAGE,sga-002_website.jpg,jpg,2048268,1/b/e/8/2/2/f/c/1/76b03449d98db275.jpg,1800,1327
502,User:1,2013.05.07.17.13.10 -0700,2013.05.07.17.13.10 -0700,image/jpeg,IMAGE,hog-011_website.jpg,jpg,1816164,1/d/7/4/c/6/a/1/c/de71345c633af147.jpg,1800,1371
503,User:1,2013.05.07.17.13.35 -0700,2013.05.07.17.13.35 -0700,image/jpeg,IMAGE,hog-004_website.jpg,jpg,1083466,1/7/b/b/9/c/a/4/c/e5e92ba7e06e17fe.jpg,1400,1209
504,User:1,2013.05.07.17.14.53 -0700,2013.05.07.17.14.53 -0700,image/jpeg,IMAGE,hog-010_website.jpg,jpg,2173090,1/4/2/4/8/2/5/4/d/705bc3e3cd474066.jpg,1800,1650
505,User:1,2013.05.07.17.17.54 -0700,2013.05.07.17.17.54 -0700,image/jpeg,IMAGE,mit-033_website.jpg,jpg,2053522,1/8/2/0/d/e/e/2/f/cb48337fe769bdce.jpg,1469,1800
506,User:1,2013.05.07.17.19.47 -0700,2013.05.07.17.19.47 -0700,image/jpeg,IMAGE,mit-033_website.jpg,jpg,2053522,1/f/2/0/d/b/0/4/5/5475053bd0d95550.jpg,1469,1800
507,User:1,2013.05.07.17.21.42 -0700,2013.05.07.17.21.42 -0700,image/jpeg,IMAGE,mit-033_website.jpg,jpg,2053522,1/1/c/7/3/9/1/b/0/3e424b77479322b9.jpg,1469,1800
508,User:1,2013.05.07.17.23.21 -0700,2013.05.07.17.23.21 -0700,image/jpeg,IMAGE,mit-033_website.jpg,jpg,2053522,1/c/f/6/9/d/d/a/0/fa44c6d03e1a9a82.jpg,1469,1800
509,User:1,2013.05.15.13.52.55 -0700,2013.05.15.13.52.55 -0700,image/jpeg,IMAGE,stp-315_website.jpg,jpg,773944,1/0/5/3/2/8/c/c/1/93a838ff9136c25d.jpg,1800,1349
510,User:1,2013.05.15.13.54.02 -0700,2013.05.15.13.54.02 -0700,image/jpeg,IMAGE,stp-312_website.jpg,jpg,884601,1/f/0/7/2/a/e/7/f/80bc93aaa63f0770.jpg,1347,1800
511,User:1,2013.05.15.13.59.54 -0700,2013.05.15.13.59.54 -0700,image/jpeg,IMAGE,momentum_website.jpg,jpg,1355415,1/e/8/f/d/c/6/1/d/35aa1d49b0b91851.jpg,1375,1800
512,User:1,2013.08.15.10.22.25 -0700,2013.08.15.10.22.25 -0700,image/jpeg,IMAGE,osi-031-1up.jpg,jpg,1120238,1/9/b/f/2/2/5/8/f/5003ffea1732f2fd.jpg,1288,1800
513,User:1,2013.08.15.10.30.14 -0700,2013.08.15.10.30.14 -0700,image/jpeg,IMAGE,osi-031-website.jpg,jpg,318455,1/2/f/f/d/4/b/d/7/ef2eebd0efd49f9f.jpg,1288,1800
514,User:1,2013.08.15.11.23.50 -0700,2013.08.15.11.23.50 -0700,image/jpeg,IMAGE,osi-031-website.jpg,jpg,318455,1/6/0/f/2/4/c/f/3/22451c396087b853.jpg,1288,1800
515,User:1,2013.08.15.11.32.22 -0700,2013.08.15.11.32.22 -0700,image/jpeg,IMAGE,osi-031-e.jpg,jpg,533406,1/d/0/2/a/d/1/9/5/4d381601fe4ac610.jpg,429,600
516,User:1,2013.08.15.11.38.41 -0700,2013.08.15.11.38.41 -0700,image/jpeg,IMAGE,osi-031-e.jpg,jpg,533406,1/c/d/b/e/5/6/0/0/7671afdc4fc56dad.jpg,429,600
517,User:1,2013.08.21.13.37.46 -0700,2013.08.21.13.37.46 -0700,image/jpeg,IMAGE,osi-031-website.jpg,jpg,318455,1/5/4/8/c/3/3/8/1/8ab9d3be20ff3d19.jpg,1288,1800
518,User:1,2013.09.06.15.46.17 -0700,2013.09.06.15.46.17 -0700,image/jpeg,IMAGE,osi-002-website.jpg,jpg,45385,1/3/6/3/1/b/2/3/1/dd41cb1244abd409.jpg,276,600
519,User:1,2013.09.06.15.48.32 -0700,2013.09.06.15.48.32 -0700,image/jpeg,IMAGE,osi-032_website.jpg,jpg,18479,1/0/d/f/b/8/6/6/a/6d592019bb8c305b.jpg,559,600
520,User:1,2013.09.06.15.49.29 -0700,2013.09.06.15.49.29 -0700,image/jpeg,IMAGE,osi-030_website.jpg,jpg,33948,1/c/4/2/a/6/f/1/a/7ffbf3dac297559e.jpg,598,600
521,User:1,2013.09.06.15.49.38 -0700,2013.09.06.15.49.38 -0700,image/jpeg,IMAGE,osi-030_website.jpg,jpg,33948,1/1/8/f/e/e/4/3/3/3a0f63e5abc0bad8.jpg,598,600
522,User:1,2013.09.06.15.50.26 -0700,2013.09.06.15.50.26 -0700,image/jpeg,IMAGE,osi-028_website.jpg,jpg,9276,1/f/3/b/0/7/1/0/9/67c9de983a733488.jpg,600,236
523,User:1,2013.09.06.15.51.31 -0700,2013.09.06.15.51.31 -0700,image/jpeg,IMAGE,osi-027_website.jpg,jpg,16365,1/f/a/f/f/f/0/4/1/f4b42235bc2dbd86.jpg,332,600
524,User:1,2013.09.06.15.52.26 -0700,2013.09.06.15.52.26 -0700,image/jpeg,IMAGE,osi-033-website.jpg,jpg,8763,1/0/5/1/c/9/3/5/d/ce7a717b60d10f3d.jpg,163,600
525,User:1,2013.09.06.15.54.46 -0700,2013.09.06.15.54.46 -0700,image/jpeg,IMAGE,osi-029_website.jpg,jpg,20403,1/3/5/3/e/3/d/2/a/9fc9050cfca4a08e.jpg,422,600
526,User:1,2013.09.25.14.54.00 -0700,2013.09.25.14.54.00 -0700,image/jpeg,IMAGE,stp-319-web.jpg,jpg,262511,1/a/d/9/7/2/c/f/9/ce345e9415b6f026.jpg,1800,1198
527,User:1,2013.09.25.14.56.34 -0700,2013.09.25.14.56.34 -0700,image/jpeg,IMAGE,stp-318-website.jpg,jpg,291031,1/3/d/d/c/6/b/8/6/4e4de58923d91dfa.jpg,1348,1800
528,User:1,2013.11.07.16.05.09 -0800,2013.11.07.16.05.09 -0800,image/jpeg,IMAGE,ner-619-7-e.jpg,jpg,34484,1/3/b/d/f/6/c/a/7/ca269a11a76bb196.jpg,600,413
529,User:1,2013.11.07.16.05.30 -0800,2013.11.07.16.05.30 -0800,image/jpeg,IMAGE,ner-619-7-1up.jpg,jpg,538444,1/5/7/d/a/0/3/3/4/6f0985108a8c7332.jpg,1800,1240
530,User:1,2013.12.18.12.15.51 -0800,2013.12.18.12.15.51 -0800,image/jpeg,IMAGE,lobdell_homescreen.jpg,jpg,852270,1/f/8/9/e/8/c/0/0/4200385e822e39c2.jpg,1100,895